CNPJ_Fundo;Data_Referencia;Versao;Nome_Ativo;Objetivos;Montante_Investido;Origem_Recursos
01.235.622/0001-61;2016-12-01;2;3 unidade do Hotel &Spa Toscanini;Revenda de unidades;701100;Recursos próprios
01.235.622/0001-61;2016-12-01;2;1 unidades do ed. Residencial Seasons;Revenda de unidades;384306;Recursos próprios
01.601.918/0001-59;2016-12-01;1;Não houve aquisições no período;Não houve aquisições no período;0,00;Não houve aquisições no período
03.683.056/0001-86;2016-12-01;3;Ed Parque Paulista;Renda de Aluguéis;6527123.64;5º Emisão de Cotas
04.782.236/0001-88;2016-12-31;1;Terreno;Aquisição de terreno para futura construção;26000000;operação de credito por securitização (CRI)
04.782.236/0001-88;2016-12-31;1;Terreno;Aquisição de terreno para futura construção;3000000;Integralização de capital
07.583.627/0001-61;2016-12-01;1;Não aplicável;Não aplicável;0;Não aplicável
07.583.627/0001-61;2016-12-01;1;Não aplicável;Não aplicável;0;Não aplicável
07.583.627/0001-61;2016-12-01;1;Não aplicável;Não aplicável;0;Não aplicável
07.583.627/0001-61;2016-12-01;1;Não aplicável;Não aplicável;0;Não aplicável
07.583.627/0001-61;2016-12-01;1;Não aplicável;Não aplicável;0;Não aplicável
07.583.627/0001-61;2016-12-01;1;Não aplicável;Não aplicável;0;Não aplicável
07.583.627/0001-61;2016-12-01;1;Não aplicável;Não aplicável;0;Não aplicável
07.583.627/0001-61;2016-12-01;1;Não aplicável;Não aplicável;0;Não aplicável
07.583.627/0001-61;2016-12-01;1;Não aplicável;Não aplicável;0;Não aplicável
07.583.627/0001-61;2016-12-01;1;Não aplicável;Não aplicável;0;Não aplicável
07.789.135/0001-27;2016-12-01;1;Cotas de Fundo - GF FIC FI REFERENCIADO DI;Renda;39586552.43;Capital
07.789.135/0001-27;2016-12-01;1;Cotas de Fundo-ITAU SOBERANO RF SIMPLES LP FICFI;Renda;624781.98;Capital
08.706.065/0001-69;2016-12-01;1;Estanplaza Berrini - Av. Eng. Luís Carlos Berrini, 853 - unids. 202/203/305/307/510/604/605/606/607/610/1001/1002/1003/1008/1101/1203/1309/1405/1410;Renda e valorização;4586599.81;Capital
08.706.065/0001-69;2016-12-01;1;Estanplaza Ibirapuera - Avenida Jandira, 501 - unids. 303/305/306/308/309/705/707/1108/1301/1302/1304/1308/1309;Renda e valorização;2742656.35;Capital
08.706.065/0001-69;2016-12-01;1;Estanplaza Nações Unidas - Rua Gurararapes, 1889 - unids. 404/601/708/1103/1205;Renda e valorização;1192527.5;Capital
08.706.065/0001-69;2016-12-01;1;Gran Estanplaza SP - Rua Arizona, 1517 - unids. 413/501/502/515/801/805/808/809/813/1001/1004/1008/1009/1011/1012/1013/1015/1016/1202/1501/1504/1508/1509/1510/1511/1512/1513/1514;Renda e valorização;7533615.07;Capital
08.706.065/0001-69;2016-12-01;1;Estanplaza International - Rua Fernandes Moreira, 1293 - unids. 301/302/303/304/305/306/307/308/502/804/1001/1101/1102/1103/1104/1108/1109/1110/1401/1402/1403/1404/1405/1406/1407/1408/1409/1410/1601/1602/1603/1604/1605/1606/1607/1608/1609/1610;Renda e valorização;8076773.15;Capital
08.924.783/0001-01;2016-12-01;1;LCI - Caixa Econômica Federal;Renda;210000000;Capital
08.924.783/0001-01;2016-12-01;1;Cotas do FII Prime Portfólio;Renda;102826992.17;Capital
09.072.017/0001-29;2016-12-31;1;CRI RB03 - RB CAPITAL;Melhor alocação de caixa visando maximizar a rentabilidade ao cotista;3813000;Caixa do fundo
09.072.017/0001-29;2016-12-31;1;LCI - Banco BTG Pactual S.A.;Melhor alocação de caixa visando maximizar a rentabilidade ao cotista;10000000;Caixa do fundo
09.072.017/0001-29;2016-12-31;1;LCI - Banco BTG Pactual S.A.;Melhor alocação de caixa visando maximizar a rentabilidade ao cotista;10000000;Caixa do fundo
09.072.017/0001-29;2016-12-31;1;LCI - Caixa Econômica Federal;Melhor alocação de caixa visando maximizar a rentabilidade ao cotista;12407032.7;Caixa do fundo
09.072.017/0001-29;2016-12-31;1;LCI - Banco BTG Pactual S.A.;Melhor alocação de caixa visando maximizar a rentabilidade ao cotista;8000000;Caixa do fundo
09.072.017/0001-29;2016-12-31;1;LCI - Banco ABC;Melhor alocação de caixa visando maximizar a rentabilidade ao cotista;5000000;Caixa do fundo
09.072.017/0001-29;2016-12-31;1;LCI - Banco ABC;Melhor alocação de caixa visando maximizar a rentabilidade ao cotista;12000000;Caixa do fundo
09.072.017/0001-29;2016-12-31;1;LCI - Banco BTG Pactual S.A.;Melhor alocação de caixa visando maximizar a rentabilidade ao cotista;4036425.88;Caixa do fundo
09.072.017/0001-29;2016-12-31;1;LCI - Banco BTG Pactual S.A.;Melhor alocação de caixa visando maximizar a rentabilidade ao cotista;10000000;Caixa do fundo
09.552.812/0001-14;2016-12-01;1;CRI Ativo 16F0257339 Série 141 RB Capital Securitizadora;Renda;7236952.06;Capital
09.552.812/0001-14;2016-12-01;1;CRI Ativo 16L0152390 Série 97 Gaia Securitizadora;Renda;10020474;Capital
09.552.812/0001-14;2016-12-01;1;CRI Ativo 16I0965520 Série 130 RB Capital Securitizadora;Renda;6459085.12;Capital
10.347.505/0001-80;2016-12-01;1;Cyrela12E0019753;Auferir receita por meio da variação do papel;17761636.59;Disponibilidades
10.347.505/0001-80;2016-12-01;1;Performance13I0112712;Auferir receita por meio da variação do papel;17280942.43;Disponibilidades
10.347.505/0001-80;2016-12-01;1;OR CEPAC13J0024983;Auferir receita por meio da variação do papel;12963011.07;Disponibilidades
10.347.505/0001-80;2016-12-01;1;MRV LOG 14L0080279;Auferir receita por meio da variação do papel;10273545.88;Disponibilidades
10.347.505/0001-80;2016-12-01;1;HSI14K0039367;Auferir receita por meio da variação do papel;10189733.55;Disponibilidades
10.347.505/0001-80;2016-12-01;1;BR Malls16E0708202;Auferir receita por meio da variação do papel;10017198;Disponibilidades
10.347.505/0001-80;2016-12-01;1;REP14K0218646;Auferir receita por meio da variação do papel;7406239.58;Disponibilidades
10.347.505/0001-80;2016-12-01;1;Aliansce Bangu16D0062179;Auferir receita por meio da variação do papel;7024147.2;Disponibilidades
10.347.505/0001-80;2016-12-01;1;OR12G0003736;Auferir receita por meio da variação do papel;6384168.92;Disponibilidades
10.347.505/0001-80;2016-12-01;1;CCP16I0994037;Auferir receita por meio da variação do papel;3008205.18;Disponibilidades
10.347.505/0001-80;2016-12-01;1;Rezek15G0675787;Auferir receita por meio da variação do papel;2513487.39;Disponibilidades
10.347.505/0001-80;2016-12-01;1;WTC16L0089814;Auferir receita por meio da variação do papel;2002343.91;Disponibilidades
10.347.505/0001-80;2016-12-01;1;Alliansce11B0045040;Auferir receita por meio da variação do papel;1913968.69;Disponibilidades
10.347.505/0001-80;2016-12-01;1;Otavio Lage10L0013119;Auferir receita por meio da variação do papel;959647.65;Disponibilidades
10.347.505/0001-80;2016-12-01;1;LCI CEF;Auferir receita por meio da variação do papel;21230411.67;Disponibilidades
10.348.185/0001-83;2016-12-01;1;MRV16L0164388;Auferir receita por meio da variação do papel;90352422;Disponibilidades
10.348.185/0001-83;2016-12-01;1;CCP16I0994037;Auferir receita por meio da variação do papel;65177778.9;Disponibilidades
10.348.185/0001-83;2016-12-01;1;Gran Viver15H0123003;Auferir receita por meio da variação do papel;61726949.812;Disponibilidades
10.348.185/0001-83;2016-12-01;1;Aliansce Bangu16D0062179;Auferir receita por meio da variação do papel;58200076.8;Disponibilidades
10.348.185/0001-83;2016-12-01;1;OR12G0003736;Auferir receita por meio da variação do papel;54648485.9338;Disponibilidades
10.348.185/0001-83;2016-12-01;1;BR Malls16E0708202;Auferir receita por meio da variação do papel;53091149.4;Disponibilidades
10.348.185/0001-83;2016-12-01;1;Grupo CEM15K0709213;Auferir receita por meio da variação do papel;44678211.4054;Disponibilidades
10.348.185/0001-83;2016-12-01;1;Contax14I0103933;Auferir receita por meio da variação do papel;19943902.548;Disponibilidades
10.348.185/0001-83;2016-12-01;1;Jalles Machado/Otávio Lage14G0387196;Auferir receita por meio da variação do papel;16292930.976;Disponibilidades
10.348.185/0001-83;2016-12-01;1;WTC16L0089814;Auferir receita por meio da variação do papel;15518165.2715;Disponibilidades
10.348.185/0001-83;2016-12-01;1;Matarazzo16G0606929;Auferir receita por meio da variação do papel;15298876.278;Disponibilidades
10.348.185/0001-83;2016-12-01;1;SÃO CARLOS (2ª série)13E0047022;Auferir receita por meio da variação do papel;13799790.988;Disponibilidades
10.348.185/0001-83;2016-12-01;1;Rezek15G0675787;Auferir receita por meio da variação do papel;7037764.6808;Disponibilidades
10.348.185/0001-83;2016-12-01;1;LCI CEF;Auferir receita por meio da variação do papel;119518818.5;Disponibilidades
10.348.185/0001-83;2016-12-01;1;LCI ABC;Auferir receita por meio da variação do papel;3146827.09;Disponibilidades
10.427.246/0001-06;2016-12-01;1;Cotas do FII Cenesp;Renda;15607539.36;Capital
10.427.246/0001-06;2016-12-01;1;LCI - Banco ABC do Brasil;Renda;9047000;Capital
11.026.627/0001-38;2016-12-01;1;Cotas do FII Imobiliário Rio Bravo Renda Corporativa;Renda e Valorização;2962529.3;Capital
11.026.627/0001-38;2016-12-01;1;Cotas do FII XP Macae;Renda e Valorização;1547646.99;Capital
11.026.627/0001-38;2016-12-01;1;Cotas do FII Torre Norte;Renda e Valorização;606272.85;Capital
11.026.627/0001-38;2016-12-01;1;Cotas do FII The One;Renda e Valorização;187859.56;Capital
11.026.627/0001-38;2016-12-01;1;Cotas do FII TB Office;Renda e Valorização;127154.81;Capital
11.026.627/0001-38;2016-12-01;1;Cotas do FII Santander Agências;Renda e Valorização;3230789.04;Capital
11.026.627/0001-38;2016-12-01;1;Cotas do FII Rio Negro;Renda e Valorização;7406030.87;Capital
11.026.627/0001-38;2016-12-01;1;Cotas do FII Hospital Nossa Senhora de Lourdes;Renda e Valorização;3504298.85;Capital
11.026.627/0001-38;2016-12-01;1;Cotas do FII JS Real Estate Muitigestão;Renda e Valorização;20402184.98;Capital
11.026.627/0001-38;2016-12-01;1;Cotas do FII Hotel Maxinvest;Renda e Valorização;7040851.33;Capital
11.026.627/0001-38;2016-12-01;1;Cotas do FII Hedging Griffo Real Estate;Renda e Valorização;6859299.38;Capital
11.026.627/0001-38;2016-12-01;1;Cotas do FII Edifício Galeria - FII;Renda e Valorização;3441954.47;Capital
11.026.627/0001-38;2016-12-01;1;Cotas do FII BTG Pactual Fundo de CRI;Renda e Valorização;38176.25;Capital
11.026.627/0001-38;2016-12-01;1;Cotas do FII CSHG JHSF Prime Offices;Renda e Valorização;38580.82;Capital
11.026.627/0001-38;2016-12-01;1;Cotas do FII Hospital da Criança;Renda e Valorização;8475.69;Capital
11.026.627/0001-38;2016-12-01;1;Cotas do FII Cenesp;Renda e Valorização;4291584.07;Capital
11.026.627/0001-38;2016-12-01;1;Cotas do FII Campus Faria Lima;Renda e Valorização;6039821.32;Capital
11.026.627/0001-38;2016-12-01;1;Cotas do FII BTG Pactual Corporate Office Fund;Renda e Valorização;1577467.37;Capital
11.026.627/0001-38;2016-12-01;1;Cotas do FII BB Progressivo;Renda e Valorização;711934.64;Capital
11.026.627/0001-38;2016-12-01;1;Cotas do FII Anhanguera Educacional;Renda e Valorização;236854.05;Capital
11.026.627/0001-38;2016-12-01;1;Cotas do FII Água Branca;Renda e Valorização;592.97;Capital
11.160.521/0001-22;2016-12-31;2;LCI - BTG PACTUAL;Melhor alocação de caixa visando maximizar a rentabilidade ao cotista;3000000;Caixa do fundo
11.160.521/0001-22;2016-12-31;2;CRI - GAIA SECURITIZADORA S.A.;Melhor alocação de caixa visando maximizar a rentabilidade ao cotista;3491767.75;Caixa do fundo
11.160.521/0001-22;2016-12-31;2;LCI - BTG PACTUAL;Melhor alocação de caixa visando maximizar a rentabilidade ao cotista;8000000;Caixa do fundo
11.160.521/0001-22;2016-12-31;2;CRI - ÁPICE SECURITIZADORA IMOBILIÁRIA S.A.;Melhor alocação de caixa visando maximizar a rentabilidade ao cotista;10073254.34;Caixa do fundo
11.160.521/0001-22;2016-12-31;2;CRI - RB CAPITAL SECURITIZADORA S.A.;Melhor alocação de caixa visando maximizar a rentabilidade ao cotista;7768000;Caixa do fundo
11.160.521/0001-22;2016-12-31;2;LCI - ABC;Melhor alocação de caixa visando maximizar a rentabilidade ao cotista;3000000;Caixa do fundo
11.160.521/0001-22;2016-12-31;2;LCI - ABC;Melhor alocação de caixa visando maximizar a rentabilidade ao cotista;3000000;Caixa do fundo
11.160.521/0001-22;2016-12-31;2;CRI - BR PARTNERS;Melhor alocação de caixa visando maximizar a rentabilidade ao cotista;5000970.82;Caixa do fundo
11.160.521/0001-22;2016-12-31;2;CRI - RB CAPITAL SECURITIZADORA S.A.;Melhor alocação de caixa visando maximizar a rentabilidade ao cotista;2394465.56;Caixa do fundo
11.160.521/0001-22;2016-12-31;2;CRI - RB CAPITAL SECURITIZADORA S.A.;Melhor alocação de caixa visando maximizar a rentabilidade ao cotista;977542.84;Caixa do fundo
11.160.521/0001-22;2016-12-31;2;CRI - ÁPICE SECURITIZADORA IMOBILIÁRIA S.A.;Melhor alocação de caixa visando maximizar a rentabilidade ao cotista;6816697.75;Caixa do fundo
11.160.521/0001-22;2016-12-31;2;CRI - VERT COMPANHIA SECURITIZADORA;Melhor alocação de caixa visando maximizar a rentabilidade ao cotista;10054831.81;Caixa do fundo
11.160.521/0001-22;2016-12-31;2;CRI - TRAVESSIA SECURITIZADORA S.A;Melhor alocação de caixa visando maximizar a rentabilidade ao cotista;7037766.43;Caixa do fundo
11.160.521/0001-22;2016-12-31;2;CRI - RB CAPITAL SECURITIZADORA S.A.;Melhor alocação de caixa visando maximizar a rentabilidade ao cotista;8056199.34;Caixa do fundo
11.268.335/0001-01;2016-12-01;1;Sitio Porta de Ferro;Renda (Oportunidade de preço);11974163.18;Recursos próprios do cotista
11.326.746/0001-06;2016-12-01;2;Imóvel registrado sob matricula 118.393 - Campinas - SP.;Propriedade para investimento;900000;Utilização de recursos proprios
11.326.746/0001-06;2016-12-01;2;Imóvel - Terreno Situado em Campinas - SP;Propriedade para investimento;1170000;Utilização de recursos proprios
11.326.746/0001-06;2016-12-01;2;Imóvel registrado sob matricula 89.691- Indaiatuba - SP.;Propriedade para investimento;4050000;Utilização de recursos proprios
11.664.201/0001-00;2016-12-01;1;Barigui Sec. - 1ª Emissão - 1ª Série;Alocação ótima do portfólio/Renda de Juros;1970701.32;Emissões de cotas
11.664.201/0001-00;2016-12-01;1;RB Capital Cia de Sec. - 1ª Emissão - 119ª Série;Alocação ótima do portfólio/Renda de Juros;6000000;Emissões de cotas
11.664.201/0001-00;2016-12-01;1;Apice Sec. - 1ª Emissão - 79ª Série;Alocação ótima do portfólio/Renda de Juros;1988520;Emissões de cotas
11.664.201/0001-00;2016-12-01;1;Apice Sec. - 1ª Emissão - 79ª Série;Alocação ótima do portfólio/Renda de Juros;3006210;Emissões de cotas
11.664.201/0001-00;2016-12-01;1;Forte Sec - 1ª Emissão - 19ª Série;Alocação ótima do portfólio/Renda de Juros;3005025.74;Emissões de cotas
11.664.201/0001-00;2016-12-01;1;RB Capital Cia de Sec. - 1ª Emissão - 109ª Série;Alocação ótima do portfólio/Renda de Juros;3063864.73;Emissões de cotas
11.664.201/0001-00;2016-12-01;1;Gaia Sec. - 4ª Emissão - 54ª Série;Alocação ótima do portfólio/Renda de Juros;1813950.42;Emissões de cotas
11.664.201/0001-00;2016-12-01;1;Gaia Sec. - 4ª Emissão - 52ª Série;Alocação ótima do portfólio/Renda de Juros;2631668.12;Emissões de cotas
11.664.201/0001-00;2016-12-01;1;Gaia Sec. - 4ª Emissão - 52ª Série;Alocação ótima do portfólio/Renda de Juros;3289585.15;Emissões de cotas
11.664.201/0001-00;2016-12-01;1;Apice Sec. - 1ª Emissão - 83ª Série;Alocação ótima do portfólio/Renda de Juros;1109818.83;Emissões de cotas
11.664.201/0001-00;2016-12-01;1;TRX Securitizadora - 1ª Emissão - 14ª Série;Alocação ótima do portfólio/Renda de Juros;2000000;Emissões de cotas
11.664.201/0001-00;2016-12-01;1;Apice Sec. - 1ª Emissão - 63ª Série;Alocação ótima do portfólio/Renda de Juros;4995800;Emissões de cotas
11.664.201/0001-00;2016-12-01;1;LCI Vinculada BR Partners;Alocação ótima do portfólio/Renda de Juros;7800000;Emissões de cotas
11.664.201/0001-00;2016-12-01;1;Apice Sec. - 1ª Emissão - 63ª Série;Alocação ótima do portfólio/Renda de Juros;2982960;Emissões de cotas
11.664.201/0001-00;2016-12-01;1;Gaia Sec. - 4ª Emissão - 7ª Série;Alocação ótima do portfólio/Renda de Juros;4932960.95;Emissões de cotas
11.664.201/0001-00;2016-12-01;1;Brazilian Sec. - 1ª Emissão - 261ª Série;Alocação ótima do portfólio/Renda de Juros;2023800.37;Emissões de cotas
11.664.201/0001-00;2016-12-01;1;RB Capital Cia de Sec. - 1 Emissão - 122ª Série;Alocação ótima do portfólio/Renda de Juros;1056090.95;Emissões de cotas
11.664.201/0001-00;2016-12-01;1;RB Capital Cia de Sec. - 1 Emissão - 122ª Série;Alocação ótima do portfólio/Renda de Juros;1056090.95;Emissões de cotas
11.664.201/0001-00;2016-12-01;1;RB Capital Cia de Sec. - 1ª Emissão - 122ª Série;Alocação ótima do portfólio/Renda de Juros;4163721.35;Emissões de cotas
11.664.201/0001-00;2016-12-01;1;RB Capital Cia de Sec. - 1 Emissão - 122 Série;Alocação ótima do portfólio/Renda de Juros;2981317.99;Emissões de cotas
11.664.201/0001-00;2016-12-01;1;Habitasec Sec. - 1ª Emissão - 64ª Série;Alocação ótima do portfólio/Renda de Juros;7000000;Emissões de cotas
11.664.201/0001-00;2016-12-01;1;Apice Sec. - 1ª Emissão - 74ª Série;Alocação ótima do portfólio/Renda de Juros;12037347.65;Emissões de cotas
11.701.400/0001-40;2016-12-31;1;Av Mem de Sá 247, unidade 505 - Matrícula n° 91015 2° RGI;Locação;500000;Aporte dos Cotistas
12.323.955/0001-69;2016-12-01;1;Leste Empreendimento Imobiliário Ltda;Renda;9052294;Capital
12.358.507/0001-09;2016-12-01;2;PLANNER FDO DE INVESTIMENTO MULTIMERCADO;Gestão da Liquidez do Fundo;2537310.89;Fluxo de Caixa
12.809.972/0001-00;2016-12-31;1;-;-;-;-
12.834.763/0001-17;2016-12-31;1;Master DI;Gestão da liquidez do fundo;1969519.48;Pagamento de juros e amortização dos ativos da carteira
12.834.763/0001-17;2016-12-31;1;Unibanco Top DI;Gestão da liquidez do fundo;3330350.33;Pagamento de juros e amortização dos ativos da carteira
12.834.763/0001-17;2016-12-31;1;Itaú Soberano DI;Gestão da liquidez do fundo;124028208;Pagamento de juros e amortização dos ativos da carteira
12.927.767/0001-40;2016-12-01;1;Venezuela 194;Venda do imóvel.;7768800;Integralização de cotas
12.927.767/0001-40;2016-12-01;1;Venezuela 232;Venda do imóvel, o que ocorreu dentro do exercício nde 2016.;7768800;Incorporação de cotas
12.969.125/0001-03;2016-12-01;1;Prisma - Diagonal (SPE);Financiamento de Obra;19584176;Recursos Próprios
12.969.125/0001-03;2016-12-01;1;Sky - TPA (SPE);Financiamento de Obra;13359646;Recursos Próprios
12.969.125/0001-03;2016-12-01;1;Liv 360 - Jbens (SPE);Financiamento de Obra;12950515;Recursos Próprios
12.969.125/0001-03;2016-12-01;1;Golden Gate - Visione;Financiamento de Obra;13317000;Recursos Próprios
12.969.125/0001-03;2016-12-01;1;CRI - MRV;CRI - Liquidez;50000000;Recursos Próprios
12.978.943/0001-72;2016-12-01;1;Centro de Distribuição Natura - Sede;Construção do ativo - Sede;105367093.8;Cessão de créditos
12.989.974/0001-29;2016-12-01;1;Barão de Tefé;Obtenção de renda.;63048499.32;Permuta de CEPAC constantes do estoque por área construída
13.371.132/0001-71;2016-12-29;2;FII;Ganho de capital e renda;70621505.76;Recursos em caixa
13.371.132/0001-71;2016-12-29;2;LFT;Liquidez;34387581;Recursos em caixa
13.371.132/0001-71;2016-12-29;2;LCI;Liquidez;195500000;Recursos em caixa
13.584.584/0001-31;2016-12-01;1;VHRE3 - VHR EMPREEND E PAR - ON;Participação;49241003.97;Fluxo de Caixa
13.584.584/0001-31;2016-12-01;1;LTN Compromissadas;Gestão de Liquidez do Fundo;215530.58;Fluxo de Caixa
13.703.596/0001-38;2016-12-01;1;Loja Cachoeiro;Propriedade para investimento;6000000;Utilização de recursos proprios
13.703.596/0001-38;2016-12-01;1;Loja Campo Grande;Propriedade para investimento;7000000;Utilização de recursos proprios
13.703.596/0001-38;2016-12-01;1;Cariacica Terreno;Propriedade para investimento;28000000;Utilização de recursos proprios
13.703.596/0001-38;2016-12-01;1;Imovel Castelo;Propriedade para investimento;9500000;Utilização de recursos proprios
13.703.596/0001-38;2016-12-01;1;CD Cariacica;Propriedade para investimento;18000000;Utilização de recursos proprios
13.703.596/0001-38;2016-12-01;1;Loja Colatina;Propriedade para investimento;6000000;Utilização de recursos proprios
13.703.596/0001-38;2016-12-01;1;Loja Gloria;Propriedade para investimento;12000000;Utilização de recursos proprios
13.703.596/0001-38;2016-12-01;1;Goytacazes Terreno;Propriedade para investimento;10000000;Utilização de recursos proprios
13.703.596/0001-38;2016-12-01;1;Loja Laranjeiras;Propriedade para investimento;17000000;Utilização de recursos proprios
13.703.596/0001-38;2016-12-01;1;Loja Princesa Isabel;Propriedade para investimento;12200000;Utilização de recursos proprios
13.703.596/0001-38;2016-12-01;1;Loja Sede;Propriedade para investimento;16500000;Utilização de recursos proprios
13.703.596/0001-38;2016-12-01;1;Imovel Cidade Viana;Propriedade para investimento;50000000;Utilização de recursos proprios
13.811.400/0001-29;2016-12-01;2;Certificados de Recebíveis Imobiliários;Seguir a politica de investimento do Fundo, que é gerar renda para os investidores.;23989916.78;Amortização de outros CRIs
13.842.683/0001-76;2016-12-01;1;CRI_HABIT-HABITASEC SECURITIZADORA;Gestão da Liquidez do Fundo;8013192.75;Fluxo de Caixa
13.842.683/0001-76;2016-12-01;1;BRADESCO-COMPROMISSADA;Gestão da Liquidez do Fundo;12104220.61;Fluxo de Caixa
14.088.246/0001-71;2016-12-01;1;BRADESCO COMPROMISSADA;Gestão de Liquidez do Fundo;312513.7;Fluxo de Caixa
14.217.108/0001-45;2016-12-31;1;Terreno;Aquisição para venda;8110475.65;Divida proveniente de aluguel
14.422.044/0001-14;2016-12-01;1;Cyrela12E0019753;Auferir receita por meio da variação do papel;6766337.748;Disponibilidades
14.422.044/0001-14;2016-12-01;1;OR12G0003736;Auferir receita por meio da variação do papel;9959303.5113;Disponibilidades
14.422.044/0001-14;2016-12-01;1;SÃO CARLOS (1ª série)13E0032174;Auferir receita por meio da variação do papel;7021279.7148;Disponibilidades
14.422.044/0001-14;2016-12-01;1;SÃO CARLOS (2ª série)13E0047022;Auferir receita por meio da variação do papel;673160.536;Disponibilidades
14.422.044/0001-14;2016-12-01;1;TERRAL13H0037877;Auferir receita por meio da variação do papel;10695880.08;Disponibilidades
14.422.044/0001-14;2016-12-01;1;Rezek14F0679871;Auferir receita por meio da variação do papel;14746099.25;Disponibilidades
14.422.044/0001-14;2016-12-01;1;Jalles Machado/Otávio Lage14G0387196;Auferir receita por meio da variação do papel;3258586.1952;Disponibilidades
14.422.044/0001-14;2016-12-01;1;Aliansce Bangu16D0062179;Auferir receita por meio da variação do papel;2006899.2;Disponibilidades
14.422.044/0001-14;2016-12-01;1;BR Malls16E0708202;Auferir receita por meio da variação do papel;8013758.4;Disponibilidades
14.422.044/0001-14;2016-12-01;1;CCP16I0994037;Auferir receita por meio da variação do papel;3008205.18;Disponibilidades
14.422.044/0001-14;2016-12-01;1;MRV16L0164388;Auferir receita por meio da variação do papel;3011747.4;Disponibilidades
14.422.044/0001-14;2016-12-01;1;WTC16L0089814;Auferir receita por meio da variação do papel;15017579.295;Disponibilidades
14.609.653/0001-87;2016-12-01;1;LFT01032022;Gestão de Liquidez do Fundo;74852.49;Fluxo de Caixa
14.609.653/0001-87;2016-12-01;1;LFT01092018;Gestão de Liquidez do Fundo;7989.86;Fluxo de Caixa
14.793.782/0001-78;2016-12-01;2;Não há;Não há;Não há;Não há
15.394.563/0001-89;2016-12-01;1;CRI Aliansce Bangu - 16D0062179;Auferir receita por meio da variação do papel;8000000;Disponibilidades
15.394.563/0001-89;2016-12-01;1;CRI CCP - 16I0994037;Auferir receita por meio da variação do papel;5000000;Disponibilidades
15.394.563/0001-89;2016-12-01;1;CRI BR Malls - 16E0708202;Auferir receita por meio da variação do papel;4000000;Disponibilidades
15.394.563/0001-89;2016-12-01;1;CRI WTC - 16L0089814;Auferir receita por meio da variação do papel;2500000;Disponibilidades
15.447.110/0001-73;2016-12-01;2;SHOPPING CIDADE JARDIM;RENDA;423350108.15;Aplicação
15.461.076/0001-91;2016-12-01;1;Não foram adquiridos imóveis no exercício de 2016;0;0;0
15.538.445/0001-05;2016-12-01;2;LCI - CAIXA ECÔNOMICA FEDERAL;Renda;3744196.03;Capital
15.538.445/0001-05;2016-12-01;2;LTN - TESOURO NACIONAL;Renda;2530579.88;Capital
16.875.388/0001-04;2016-12-31;1;CRI BC15 - Brazilian Securities;Melhor alocação de caixa visando maximizar a rentabilidade ao cotista;3793538.52;Caixa do Fundo
16.915.968/0001-88;2016-12-01;1;Jazigos - Terra Santa Cemitério Parque;Aquisição de jazigos para revenda;5700000;EMISSÃO DE COTAS
16.915.968/0001-88;2016-12-01;1;Miríade Litoral Construtora Ltda;Desenvolvimento do Empreendimento Vila Bazzano;1420623.17;EMISSÃO DE COTAS
16.915.968/0001-88;2016-12-01;1;Terras da Estância Empreend. Imobiliários Ltda;Desenvolvimento do Empreendimento Terras da Estância;4650000;EMISSÃO DE COTAS
16.915.968/0001-88;2016-12-01;1;Mérito Realty Ltda;Desenvolvimento de empreendimentos imobiliários;99999;EMISSÃO DE COTAS
16.924.913/0001-34;2016-12-01;1;Cotas de fundo - ITAÚ CUSTÓDIA RF CURTO PRAZO CAIXA FI;Renda;93976.11;Capital
17.025.970/0001-44;2016-12-01;1;Cotas de Fundo - GF FIC FI REFERENCIADO DI;Renda;2314573.09;Capital
17.098.794/0001-70;2016-12-01;1;BBPO11;Alienação para ganho de capital;-716250.9215;Recursos investidos no ativo alvo
17.098.794/0001-70;2016-12-01;1;AGCX11;Alienação para ganho de capital;-1951889.9468;Recursos investidos no ativo alvo
17.098.794/0001-70;2016-12-01;1;SAAG11;Alienação para ganho de capital;-1815384.4064;Recursos investidos no ativo alvo
17.098.794/0001-70;2016-12-01;1;VRTA11;Ajuste de posição no ativo investido;109690;Recursos mantidos em caixa
17.098.794/0001-70;2016-12-01;1;MXRF11;Ajuste de posição no ativo investido;64330.1784;Recursos mantidos em caixa
17.098.794/0001-70;2016-12-01;1;KNCR11;Aumento de posição no ativo investido;1561208.243;Recursos mantidos em caixa
17.098.794/0001-70;2016-12-01;1;TBOF11;Ajuste de posição no ativo investido;203481.75;Recursos mantidos em caixa
17.098.794/0001-70;2016-12-01;1;BRCR11;Liquidação da posição no ativo investido;-16004003.6305;Recursos investidos no ativo alvo
17.098.794/0001-70;2016-12-01;1;HGRE11;Ajuste de posição no ativo investido;18755.9901;Recursos mantidos em caixa
17.098.794/0001-70;2016-12-01;1;FFCI11;Aumento de posição no ativo investido;827932.9395;Recursos mantidos em caixa
17.098.794/0001-70;2016-12-01;1;KNRI11;Aumento de posição no ativo investido;6021369.1299;Recursos mantidos em caixa
17.098.794/0001-70;2016-12-01;1;HGBS11;Ajuste de posição no ativo investido;-113360;Recursos investidos no ativo alvo
17.156.502/0001-09;2016-12-01;1;16E0124944;Renda e retorno de capital;8375000;Recebimentos de juros e amortização
17.156.502/0001-09;2016-12-01;1;16B0742429;Renda e retorno de capital;10720000;Recebimentos de juros e amortização
17.156.502/0001-09;2016-12-01;1;BBPO11;Renda e retorno de capital;243153.52;Recebimentos de juros e amortização
17.156.502/0001-09;2016-12-01;1;BBPO11;Renda e retorno de capital;1066450;Recebimentos de juros e amortização
17.156.502/0001-09;2016-12-01;1;BBPO11;Renda e retorno de capital;193600;Recebimentos de juros e amortização
17.156.502/0001-09;2016-12-01;1;BBPO11;Renda e retorno de capital;291471.6;Recebimentos de juros e amortização
17.156.502/0001-09;2016-12-01;1;BBPO11;Renda e retorno de capital;97.2;Recebimentos de juros e amortização
17.156.502/0001-09;2016-12-01;1;BBPO11;Renda e retorno de capital;316601.75;Recebimentos de juros e amortização
17.156.502/0001-09;2016-12-01;1;BBPO11;Renda e retorno de capital;112230.16;Recebimentos de juros e amortização
17.156.502/0001-09;2016-12-01;1;BBPO11;Renda e retorno de capital;340889.57;Recebimentos de juros e amortização
17.156.502/0001-09;2016-12-01;1;BBPO11;Renda e retorno de capital;96500;Recebimentos de juros e amortização
17.156.502/0001-09;2016-12-01;1;BBPO11;Renda e retorno de capital;728575;Recebimentos de juros e amortização
17.156.502/0001-09;2016-12-01;1;16H0210048;Renda e retorno de capital;9010255.7237172;Recebimentos de juros e amortização
17.156.502/0001-09;2016-12-01;1;16E0124944;Renda e retorno de capital;333955.12;Recebimentos de juros e amortização
17.156.502/0001-09;2016-12-01;1;16J0858697;Renda e retorno de capital;8040000;Recebimentos de juros e amortização
17.156.502/0001-09;2016-12-01;1;16L0139227;Renda e retorno de capital;4480000;Recebimentos de juros e amortização
17.161.979/0001-82;2016-12-31;1;Ed Berlioz Rua Levindo Lopes 258 Belo Horizonte MG;Obtenção de Renda por locação;43407051.51;Integralização de cotas subscritas pelos cotistas
17.161.979/0001-82;2016-12-31;1;Loja nº 8, na Rua Gonçalves de Guia, Itaúna MG;Obtenção de Renda por locação;2835036.78;Integralização de cotas subscritas pelos cotistas
17.161.979/0001-82;2016-12-31;1;Cj 501 502 601 602 R Antônio de Albuquerque 194 B Horizonte;Obtenção de Renda por locação;5655000;Integralização de cotas subscritas pelos cotistas
17.161.979/0001-82;2016-12-31;1;Cj  2300 e 2500 Rua Paraíba nº 550Belo Horizonte MG;Obtenção de Renda por locação;10000000;Integralização de cotas subscritas pelos cotistas
17.311.079/0001-74;2016-12-31;1;Não houve aquisição de imoveis no período;Não houve aquisição de imoveis no período;0;nenhuma
17.324.357/0001-28;2016-12-01;2;LTN - TESOURO NACIONAL;Renda;9538466.41;Capital
17.324.357/0001-28;2016-12-01;2;CRI - Certificados de Recebíveis Imobiliários;Renda;4368662.8;Capital
17.324.357/0001-28;2016-12-01;2;Cotas de FII - FII AESAPAR;Renda;7771275.5;Capital
17.324.357/0001-28;2016-12-01;2;Cotas de FII - FII BC FUND;Renda;11893665.5;Capital
17.324.357/0001-28;2016-12-01;2;Cotas de FII - FII GALERIA;Renda;4098417.1;Capital
17.324.357/0001-28;2016-12-01;2;Cotas de FII - FII RIOB RC;Renda;5136058.26;Capital
17.324.357/0001-28;2016-12-01;2;Cotas de FII - FII RB CAP;Renda;3355083;Capital
17.324.357/0001-28;2016-12-01;2;Cotas de FII - FII CSHGSHO;Renda;9658740;Capital
17.324.357/0001-28;2016-12-01;2;Cotas de FII - FII CSHG CR;Renda;5027010;Capital
17.324.357/0001-28;2016-12-01;2;Cotas de FII - FII CSHGJHS;Renda;11679600;Capital
17.324.357/0001-28;2016-12-01;2;Cotas de FII - FII CSHG LO;Renda;12999800;Capital
17.324.357/0001-28;2016-12-01;2;Cotas de FII - FII HG REAL;Renda;14592500;Capital
17.324.357/0001-28;2016-12-01;2;Cotas de FII - FII SHOPJSU;Renda;11173449.56;Capital
17.324.357/0001-28;2016-12-01;2;Cotas de FII - FII POLO CR;Renda;3564297;Capital
17.324.357/0001-28;2016-12-01;2;Cotas de FII - FII RB GSB;Renda;455593.6;Capital
17.324.357/0001-28;2016-12-01;2;Cotas de FII - FII SDI LOG;Renda;7449542.4;Capital
17.324.357/0001-28;2016-12-01;2;Cotas de FII - FII SPA;Renda;11270000;Capital
17.324.357/0001-28;2016-12-01;2;Cotas de FII - FII SP DOWN;Renda;12980009.6;Capital
17.324.357/0001-28;2016-12-01;2;Cotas de FII - FII TBOFFIC;Renda;3694249.35;Capital
17.324.357/0001-28;2016-12-01;2;Cotas de FII - FII BM THER;Renda;5929916;Capital
17.324.357/0001-28;2016-12-01;2;Cotas de FII - FII OLIMPIA;Renda;8519247.32;Capital
17.324.357/0001-28;2016-12-01;2;Cotas de FII - FII XP MACA;Renda;7552383.3;Capital
17.329.029/0001-14;2016-12-01;1;APICE SECURITIZ 1 ª Emissão - Série nº 79;Otimização do rendimento do caixa disponível;2004140;Patrimônio do fundo provenientes da 1ª emissão de cotas
17.329.029/0001-14;2016-12-01;1;AEFI11;Ganho de Capital;1142041.93;Patrimônio do fundo provenientes da 1ª emissão de cotas
17.329.029/0001-14;2016-12-01;1;BBPO11;Ganho de Capital;1215206.67;Patrimônio do fundo provenientes da 1ª emissão de cotas
17.329.029/0001-14;2016-12-01;1;BRCR11;Ganho de Capital;151347.7;Patrimônio do fundo provenientes da 1ª emissão de cotas
17.329.029/0001-14;2016-12-01;1;FIGS11;Ganho de Capital;1003547.25;Patrimônio do fundo provenientes da 1ª emissão de cotas
17.329.029/0001-14;2016-12-01;1;HTMX12B;Ganho de Capital;1029585.7;Patrimônio do fundo provenientes da 1ª emissão de cotas
17.329.029/0001-14;2016-12-01;1;JSRE11;Ganho de Capital;1139701.31;Patrimônio do fundo provenientes da 1ª emissão de cotas
17.329.029/0001-14;2016-12-01;1;KNCR11;Ganho de Capital;2437607.22;Patrimônio do fundo provenientes da 1ª emissão de cotas
17.329.029/0001-14;2016-12-01;1;NSLU11B;Ganho de Capital;839259;Patrimônio do fundo provenientes da 1ª emissão de cotas
17.329.029/0001-14;2016-12-01;1;PRSV11;Ganho de Capital;149064.75;Patrimônio do fundo provenientes da 1ª emissão de cotas
17.329.029/0001-14;2016-12-01;1;SAAG11;Ganho de Capital;65136.08;Patrimônio do fundo provenientes da 1ª emissão de cotas
17.329.029/0001-14;2016-12-01;1;VLOL11;Ganho de Capital;607765.76;Patrimônio do fundo provenientes da 1ª emissão de cotas
17.329.029/0001-14;2016-12-01;1;VRTA11;Ganho de Capital;259887.37;Patrimônio do fundo provenientes da 1ª emissão de cotas
17.329.029/0001-14;2016-12-01;1;XPCM11;Ganho de Capital;61106;Patrimônio do fundo provenientes da 1ª emissão de cotas
17.568.605/0001-86;2016-12-01;2;MAIS SHOPPING;RENDA;216781144.57;Aplicação
17.655.102/0001-48;2016-12-01;1;Ativo 1 -  Prédio nº. 1065 Localizado na Av. Automóvel Club - São João de Meriti, com área construída de 5.787,91 m², com área de terreno total de 14.534,31 m²;Locação Comercial;1750000;Aportes
17.655.102/0001-48;2016-12-01;1;Ativo 2  -  Av. Antares, nº. 2346, Lote 1 PAL 43121, na Freguesia de Santa Cruz, terreno com uma metragem de 124.150m²;Construção Emprendimento Imobiliario - Comercial ou Residencial;5000000;Aportes
17.655.115/0001-17;2016-12-01;1;MOT - Morumbi Office Tower, Avenida Roque Petroni Júnior, 999, 3.650,88 m² divididos em 12 conjuntos.;Locação;32900000;Emissão de cotas
17.655.122/0001-19;2016-12-01;1;LFT 01032022;Gestão de Liquidez do Fundo;69534.61;Fluxo de caixa
17.655.122/0001-19;2016-12-01;1;LFT 01032022;Gestão de Liquidez do Fundo;124988.93;Fluxo de caixa
17.655.122/0001-19;2016-12-01;1;LFT 01032019;Gestão de Liquidez do Fundo;23669.37;Fluxo de caixa
17.655.122/0001-19;2016-12-01;1;LFT 01032022;Gestão de Liquidez do Fundo;134242.34;Fluxo de caixa
17.655.122/0001-19;2016-12-01;1;LFT 01032022;Gestão de Liquidez do Fundo;240392.39;Fluxo de caixa
17.655.122/0001-19;2016-12-01;1;LFT 01032018;Gestão de Liquidez do Fundo;72439.440000003;Fluxo de caixa
17.655.122/0001-19;2016-12-01;1;LFT 01032019;Gestão de Liquidez do Fundo;64933.95;Fluxo de caixa
17.655.122/0001-19;2016-12-01;1;LFT 01032019;Gestão de Liquidez do Fundo;114232.760000002;Fluxo de caixa
17.655.122/0001-19;2016-12-01;1;LFT 01092020;Gestão de Liquidez do Fundo;140090.870000005;Fluxo de caixa
17.655.122/0001-19;2016-12-01;1;LFT 01032019;Gestão de Liquidez do Fundo;149958.590000004;Fluxo de caixa
17.655.122/0001-19;2016-12-01;1;LFT 01032018;Gestão de Liquidez do Fundo;168414.15;Fluxo de caixa
18.308.516/0001-63;2016-12-01;2;HSUL PORTO ALEGRE FLAT LTDA.;Renda;3340343.61;Capital
18.308.516/0001-63;2016-12-01;2;HSUL GARIBALDI FLAT LTDA.;Renda;6597766.94;Capital
18.308.516/0001-63;2016-12-01;2;HSUL HOTÉIS LTDA. - SCP FAIRFIELD CWB;Renda;4682947.26;Capital
18.308.516/0001-63;2016-12-01;2;HSUL HOTÉIS LTDA. - SCP BLUMENAU FLAT;Renda;3893136.5;Capital
18.308.516/0001-63;2016-12-01;2;HSUL HOTÉIS LTDA. - SCP CHAPECÓ FLAT;Renda;5066712;Capital
18.308.516/0001-63;2016-12-01;2;HSUL HOTÉIS LTDA. - SCP LONDRINA FLAT;Renda;3404957.17;Capital
18.308.516/0001-63;2016-12-01;2;HSUL HOTÉIS LTDA. - SCP BUDGET;Renda;2123131.75;Capital
18.308.516/0001-63;2016-12-01;2;AT FOZ DO IGUAÇU EMP. IMOB. SPE LTDA. - SCP;Renda;1960001.29;Capital
18.308.516/0001-63;2016-12-01;2;AT JOINVILLE EMP. IMOB. SPE LTDA - SCP RUA CAMBORIU;Renda;4350007;Capital
18.308.516/0001-63;2016-12-01;2;HSUL HOTÉIS LTDA. - SCP CANOAS;Renda;1557996;Capital
18.308.516/0001-63;2016-12-01;2;HSUL HOTÉIS LTDA. - NOVOTEL;Renda;13423055.08;Capital
18.308.516/0001-63;2016-12-01;2;ITAÚ CUSTÓDIA RENDA FIXA CP CAIXA FI;Renda;11019797.85;Capital
18.311.024/0001-27;2016-12-01;1;Cotas de fundo - ITAÚ SOBERANO RF SIMPLES LP FIC  FI INVEST;Renda;290958.91;Capital
18.497.672/0001-10;2016-12-01;1;Escritura Livro 5603-N, Folha 071, Protocolo 00302913;Imóvel recebido em Dação.;315000;Não aplicável.
18.579.302/0001-21;2016-12-01;1;Imóvel registrado sob matricula 94.7401 - Rio De Janeiro-RJ;Propriedade para Venda  / Estoque;8850000;Utilização de recursos proprios
18.874.965/0001-79;2016-12-01;1;Ativo 1 - Localizado à Rua Tupis 337, Centro, Belo Horizonte/MG (Shopping Cidade ou Empreendimento);Rendas de alugueis e valorização do imóvel a longo prazo;173500000;Recursos Próprios
18.929.051/0001-68;2016-12-01;1;Imóvel registrado sob matricula 94.7401 - Rio De Janeiro-RJ;Propriedade para Venda  / Estoque;8850000;Utilização de recursos proprios
18.979.895/0001-13;2016-12-01;1;CRI - Gaia Securitizadora S/A;Melhor alocação de caixa visando maximizar a rentabilidade ao cotista;1285525.86;Pagamento de juros e amortização dos ativos da carteira
18.979.895/0001-13;2016-12-01;1;CRI - Ápice Securitizadora Imobiliária S/A;Melhor alocação de caixa visando maximizar a rentabilidade ao cotista;5010350;Pagamento de juros e amortização dos ativos da carteira
18.979.895/0001-13;2016-12-01;1;CRI - Habitasec Securitizadora S.A.;Melhor alocação de caixa visando maximizar a rentabilidade ao cotista;6516997.34;Pagamento de juros e amortização dos ativos da carteira
18.979.895/0001-13;2016-12-01;1;CRI - Ápice Securitizadora Imobiliária S/A;Melhor alocação de caixa visando maximizar a rentabilidade ao cotista;0.02;Pagamento de juros e amortização dos ativos da carteira
18.979.895/0001-13;2016-12-01;1;CRI - Ápice Securitizadora Imobiliária S/A;Melhor alocação de caixa visando maximizar a rentabilidade ao cotista;0.01;Pagamento de juros e amortização dos ativos da carteira
18.979.895/0001-13;2016-12-01;1;CRI - Ápice Securitizadora Imobiliária S/A;Melhor alocação de caixa visando maximizar a rentabilidade ao cotista;0.01;Pagamento de juros e amortização dos ativos da carteira
19.131.224/0001-60;2016-12-31;1;Ações da REC Sapucai S.A.;Aumento de Capital;14682554.66;Aporte de Capital pelos Cotistas
19.390.726/0001-06;2016-12-01;1;PLANNER FDO DE I. MULTIMERCADO;Gestão de Liquidez do Fundo;8202.74;Aporte cotista
19.628.741/0001-40;2016-12-01;2;SHOPPING MORUMBI TOWN I;RENDA;295437467.16;APLICAÇÃO
19.805.989/0001-39;2016-12-01;1;LCI CEF;Manutenção do fundo;545651797;venda de LCI
19.805.989/0001-39;2016-12-01;1;LCI ABC;Manutenção do fundo;64610455;venda de LCI
20.216.935/0001-17;2016-12-31;1;ALMI11B;Renda e ganho de capital;1256846.27;Caixa/LCI
20.216.935/0001-17;2016-12-31;1;BBPO11;Renda e ganho de capital;1826571.24;Caixa/LCI
20.216.935/0001-17;2016-12-31;1;BRCR11;Renda e ganho de capital;8031944.34;Caixa/LCI
20.216.935/0001-17;2016-12-31;1;CNES11B;Renda e ganho de capital;735608.96;Caixa/LCI
20.216.935/0001-17;2016-12-31;1;FCFL11B;Renda e ganho de capital;477074.93;Caixa/LCI
20.216.935/0001-17;2016-12-31;1;FVBI11B;Renda e ganho de capital;250449.78;Caixa/LCI
20.216.935/0001-17;2016-12-31;1;HGLG11;Renda e ganho de capital;440322.69;Caixa/LCI
20.216.935/0001-17;2016-12-31;1;HGRE11;Renda e ganho de capital;947290.33;Caixa/LCI
20.216.935/0001-17;2016-12-31;1;JRDM11B;Renda e ganho de capital;87792.56;Caixa/LCI
20.216.935/0001-17;2016-12-31;1;KNCR11;Renda e ganho de capital;1338745.2;Caixa/LCI
20.216.935/0001-17;2016-12-31;1;KNRI11;Renda e ganho de capital;1775077.21;Caixa/LCI
20.216.935/0001-17;2016-12-31;1;ONEF11;Renda e ganho de capital;2692434.53;Caixa/LCI
20.216.935/0001-17;2016-12-31;1;RNGO11;Renda e ganho de capital;933461.58;Caixa/LCI
20.216.935/0001-17;2016-12-31;1;SAAG11;Renda e ganho de capital;955486.56;Caixa/LCI
20.216.935/0001-17;2016-12-31;1;SDIL11;Renda e ganho de capital;1849275.37;Caixa/LCI
20.216.935/0001-17;2016-12-31;1;SHPH11;Renda e ganho de capital;187955.06;Caixa/LCI
20.216.935/0001-17;2016-12-31;1;TBOF11;Renda e ganho de capital;2116285.35;Caixa/LCI
20.216.935/0001-17;2016-12-31;1;THRA11B;Renda e ganho de capital;1632904.3;Caixa/LCI
20.216.935/0001-17;2016-12-31;1;TRNT11B;Renda e ganho de capital;728673.09;Caixa/LCI
20.216.935/0001-17;2016-12-31;1;TRXL11;Renda e ganho de capital;453301.21;Caixa/LCI
20.216.935/0001-17;2016-12-31;1;VLOL11;Renda e ganho de capital;1695389.87;Caixa/LCI
20.216.935/0001-17;2016-12-31;1;LCI - BANCO BRADESCO S.A.;Renda e ganho de capital;15000000;Caixa/LCI
20.265.434/0001-20;2016-12-01;1;Colgate10C0019685;Auferir receita por meio da variação do papel;12362245.95;Disponibilidades
20.265.434/0001-20;2016-12-01;1;Alliansce11B0045040;Auferir receita por meio da variação do papel;6698890.4178;Disponibilidades
20.265.434/0001-20;2016-12-01;1;Cyrela12E0019753;Auferir receita por meio da variação do papel;31125153.6408;Disponibilidades
20.265.434/0001-20;2016-12-01;1;TERRAL13H0037877;Auferir receita por meio da variação do papel;36365992.272;Disponibilidades
20.265.434/0001-20;2016-12-01;1;Performance13I0112712;Auferir receita por meio da variação do papel;36001963.4;Disponibilidades
20.265.434/0001-20;2016-12-01;1;LDI (2ª emissão)14A0117272;Auferir receita por meio da variação do papel;32385133.651;Disponibilidades
20.265.434/0001-20;2016-12-01;1;Rezek14F0679871;Auferir receita por meio da variação do papel;122392623.775;Disponibilidades
20.265.434/0001-20;2016-12-01;1;Gafisa14G0387860;Auferir receita por meio da variação do papel;39391389.6432;Disponibilidades
20.265.434/0001-20;2016-12-01;1;HSI14K0039367;Auferir receita por meio da variação do papel;30569200.659;Disponibilidades
20.265.434/0001-20;2016-12-01;1;REP14K0218646;Auferir receita por meio da variação do papel;66656156.184;Disponibilidades
20.265.434/0001-20;2016-12-01;1;Rezek15G0675787;Auferir receita por meio da variação do papel;18097109.1792;Disponibilidades
20.265.434/0001-20;2016-12-01;1;Palmeiras15J0056053;Auferir receita por meio da variação do papel;10729305.7798;Disponibilidades
20.265.434/0001-20;2016-12-01;1;Alphaville15K0547253;Auferir receita por meio da variação do papel;75795463.9317;Disponibilidades
20.265.434/0001-20;2016-12-01;1;Teleperformance15L0604148;Auferir receita por meio da variação do papel;28803705.6174;Disponibilidades
20.265.434/0001-20;2016-12-01;1;CCP16I0994037;Auferir receita por meio da variação do papel;16043760.96;Disponibilidades
20.265.434/0001-20;2016-12-01;1;WTC16L0089814;Auferir receita por meio da variação do papel;110128914.83;Disponibilidades
20.265.434/0001-20;2016-12-01;1;LCI CEF;Auferir receita por meio da variação do papel;112971241.88;Disponibilidades
20.265.434/0001-20;2016-12-01;1;LCI ABC;Auferir receita por meio da variação do papel;1806440.7;Disponibilidades
20.680.775/0001-62;2016-12-01;1;Stan G Lara Empreendimento Ltda;Renda;162500;Capital
20.680.775/0001-62;2016-12-01;1;Villagio 21 Participações Ltda;Renda;434000;Capital
20.680.775/0001-62;2016-12-01;1;FLCJ SPE Empreendimento Imobiliario Ltda;Renda;207500;Capital
20.680.775/0001-62;2016-12-01;1;Ideia Empreendimentos SPE 11 Ltda;Renda;4163688;Capital
20.680.775/0001-62;2016-12-01;1;JK 18 Empreendimento Imobiliários Ltda;Renda;7709613;Capital
20.680.775/0001-62;2016-12-01;1;Kapok Empreendimento Imobiliário SPE Ltda;Renda;150000;Capital
20.680.775/0001-62;2016-12-01;1;Future SPE Empreendimento Imobiliario Ltda;Renda;12130000;Capital
20.680.775/0001-62;2016-12-01;1;Stan Paulista Empreendimento Ltda;Renda;7305000;Capital
20.716.161/0001-93;2016-12-01;1;BANCO ABC;Renovação LCI;5000000;Caixa do Fundo
20.716.161/0001-93;2016-12-01;1;CRI ALPHAVILLE;Investimento CRI;420390.52;Caixa do Fundo
20.716.161/0001-93;2016-12-01;1;CRI IGUATEMI;Investimento CRI;1302944;Caixa do Fundo
20.716.161/0001-93;2016-12-01;1;BANCO ABC;Renovação LCI;7000000;Caixa do Fundo
20.716.161/0001-93;2016-12-01;1;BANCO CEF;Renovação LCI;10000000;Caixa do Fundo
20.716.161/0001-93;2016-12-01;1;CRI MRV;Investimento CRI;5029852.04;Caixa do Fundo
20.716.161/0001-93;2016-12-01;1;CRI MEGA MODA;Investimento CRI;7723964.74;Caixa do Fundo
20.716.161/0001-93;2016-12-01;1;CRI PORTAL DO LAGO;Investimento CRI;7466376.1;Caixa do Fundo
20.716.161/0001-93;2016-12-01;1;CRI AYMORE;Investimento CRI;8248502.32;Caixa do Fundo
20.716.161/0001-93;2016-12-01;1;CRI L. AMERICANAS;Investimento CRI;1366697.72;Caixa do Fundo
20.716.161/0001-93;2016-12-01;1;CRI ALPHAVILLE;Investimento CRI;1093064.75;Caixa do Fundo
21.044.600/0001-21;2016-12-01;1;Cotas de fundo - ITAÚ CUSTÓDIA RF CURTO PRAZO CAIXA FI;Renda;797512.39;Capital
21.408.063/0001-51;2016-12-01;1;LFT 01032019;Gestão de Liquidez do Fundo;90037.57;Fluxo de Caixa
21.408.063/0001-51;2016-12-01;1;LFT 01092020;Gestão de Liquidez do Fundo;204886.7;Fluxo de Caixa
21.500.481/0001-74;2016-12-01;1;Edifício Botafogo;Obtenção de renda de aluguel;64675593.76;Integralização de cotistas
21.826.249/0001-20;2016-12-01;1;Cotas de fundo - OT SOBERANO FUNDO DE INVESTIMENTO RENDA;Renda;866245.6;Capital
21.826.249/0001-20;2016-12-01;1;Ações - VR I PARTICIPAÇÕES S.A;Renda;14699000;Capital
22.003.469/0001-17;2016-12-01;1;Conjunto residencial JD EUROPA 1º -6º Fase  S/N  - Canaa dos Carajás - PA com 135 casas acabadas e alugadas (area util cosntruida de 17.615 m2);BTS para empresa Vale do Rio Doce.;14000000;Investidor estrangeiros
22.103.617/0001-75;2016-12-01;1;Gleba G, Rodovia Armínio Guilherme, Ipojuca - CE, área total de 86.116,40 m², com área locável de 59.059,98 m², três galpões);Propriedade para Renda;76799392;Recursos próprios
22.219.335/0001-38;2016-12-01;1;Ápice Securitizadora 1ª Emissão - 63ª Série;Alocação ótima do portfólio/Renda de Juros;1988640;Emissões de cotas
22.219.335/0001-38;2016-12-01;1;Ápice Securitizadora 1ª Emissão - 74ª  Série;Alocação ótima do portfólio/Renda de Juros;2006224.6;Emissões de cotas
22.219.335/0001-38;2016-12-01;1;Ápice Securitizadora 1ª Emissão - 74ª  Série;Alocação ótima do portfólio/Renda de Juros;2587410.82;Emissões de cotas
22.219.335/0001-38;2016-12-01;1;Ápice Securitizadora 1ª Emissão - 75ª Série;Alocação ótima do portfólio/Renda de Juros;1500000;Emissões de cotas
22.219.335/0001-38;2016-12-01;1;Ápice Securitizadora 1ª Emissão - 79ª Série;Alocação ótima do portfólio/Renda de Juros;2982780;Emissões de cotas
22.219.335/0001-38;2016-12-01;1;Ápice Securitizadora 1ª Emissão - 82ª Série;Alocação ótima do portfólio/Renda de Juros;4000000;Emissões de cotas
22.219.335/0001-38;2016-12-01;1;Ápice Securitizadora 1ª Emissão - 83ª Série;Alocação ótima do portfólio/Renda de Juros;5549094.16;Emissões de cotas
22.219.335/0001-38;2016-12-01;1;Barigui Sec. 1ª Emissão - 1ª Série;Alocação ótima do portfólio/Renda de Juros;2956051.98;Emissões de cotas
22.219.335/0001-38;2016-12-01;1;Brazilian Sec. 1ª Emissão - 242ª Série;Alocação ótima do portfólio/Renda de Juros;972389.19;Emissões de cotas
22.219.335/0001-38;2016-12-01;1;Brazilian Sec. 1ª Emissão - 261ª Série;Alocação ótima do portfólio/Renda de Juros;675563.92;Emissões de cotas
22.219.335/0001-38;2016-12-01;1;Gaia Securitizadora 4ª Emissão - 53ª Série;Alocação ótima do portfólio/Renda de Juros;1729642.62;Emissões de cotas
22.219.335/0001-38;2016-12-01;1;Gaia Securitizadora 4ª Emissão - 7ª Série;Alocação ótima do portfólio/Renda de Juros;3630379.28;Emissões de cotas
22.219.335/0001-38;2016-12-01;1;Gaia Securitizadora 4ª Emissão - 97ª Série;Alocação ótima do portfólio/Renda de Juros;4509213.3;Emissões de cotas
22.219.335/0001-38;2016-12-01;1;Habitasec 1ª Emissão - 1ª Série;Alocação ótima do portfólio/Renda de Juros;1455740.92;Emissões de cotas
22.219.335/0001-38;2016-12-01;1;Habitasec 1ª Emissão - 58ª Série;Alocação ótima do portfólio/Renda de Juros;1176883.32;Emissões de cotas
22.219.335/0001-38;2016-12-01;1;Habitasec 1ª Emissão - 64ª  Série;Alocação ótima do portfólio/Renda de Juros;1579515.41;Emissões de cotas
22.219.335/0001-38;2016-12-01;1;RB Capital Cia de Sec. 1ª Emissão - 109ª  Série;Alocação ótima do portfólio/Renda de Juros;2042576.49;Emissões de cotas
22.219.335/0001-38;2016-12-01;1;RB Capital Cia de Sec. 1ª Emissão - 122ª Série;Alocação ótima do portfólio/Renda de Juros;3122791.01;Emissões de cotas
22.219.335/0001-38;2016-12-01;1;RB Capital Cia de Sec. 1ª Emissão - 30ª  Série;Alocação ótima do portfólio/Renda de Juros;575000;Emissões de cotas
22.219.335/0001-38;2016-12-01;1;RB Capital Cia de Sec. 1ª Emissão - 41ª  Série;Alocação ótima do portfólio/Renda de Juros;1094887.04;Emissões de cotas
22.219.335/0001-38;2016-12-01;1;RB Capital Cia de Sec. 1ª Emissão - 55ª  Série;Alocação ótima do portfólio/Renda de Juros;1266667.68;Emissões de cotas
22.219.335/0001-38;2016-12-01;1;RB Capital Cia de Sec. 1ª Emissão - 77ª  Série;Alocação ótima do portfólio/Renda de Juros;237133.83;Emissões de cotas
22.219.335/0001-38;2016-12-01;1;RB Capital Cia de Sec. 1ª Emissão - 94ª Série;Alocação ótima do portfólio/Renda de Juros;2001875.71;Emissões de cotas
22.219.335/0001-38;2016-12-01;1;SCCI 1ª Emissão - 1ª Série;Alocação ótima do portfólio/Renda de Juros;1144189.84;Emissões de cotas
22.219.335/0001-38;2016-12-01;1;TRX Securitizadora 1ª Emissão - 14ª Série;Alocação ótima do portfólio/Renda de Juros;3000000;Emissões de cotas
22.219.335/0001-38;2016-12-01;1;LCI ABC;Otimização do recurso disponível em caixa;2000000;Emissões de cotas
22.219.335/0001-38;2016-12-01;1;LCI ABC;Otimização do recurso disponível em caixa;3000000;Emissões de cotas
22.219.335/0001-38;2016-12-01;1;LCI ABC;Otimização do recurso disponível em caixa;5000000;Emissões de cotas
22.219.335/0001-38;2016-12-01;1;LCI Votorantim;Otimização do recurso disponível em caixa;1688195.77;Emissões de cotas
22.219.335/0001-38;2016-12-01;1;LCI Votorantim;Otimização do recurso disponível em caixa;5000000;Emissões de cotas
22.459.737/0001-00;2016-12-01;2;CRI - 1ª EMISSÃO - 7ª SÉRIE;RENDA;110000000;Aplicação
22.684.264/0001-44;2016-12-01;1;Imóvel registrado sob matricula 153.054 - Ribeirão Preto/SP.;Propriedade para investimentos;10100000;Contrato de Confissão de Dívida
22.957.521/0001-74;2016-12-01;2;CRI - 1ª EMISSÃO - 35ª SÉRIE;RENDA;31350000;CRI
22.957.521/0001-74;2016-12-01;2;CRI - 1ª EMISSÃO - 36ª SÉRIE;RENDA;15675000;CRI
23.381.427/0001-82;2016-12-01;1;Imóvel situado à Av. Presidente Wilson, 5874 - Vila Carioca - São Paulo - SP, com 5.008,00m² de área construída em um terreno de 9.125,80m².;Imóvel para Locação;26693126.01;Emissão de Cédulas de Crédito Imobiliário
23.740.552/0001-31;2016-12-01;1;TORRES DO JARDIM I torre 2 unidade 1;Auferir renda por venda;155743.08;Integralização de recurso
23.740.552/0001-31;2016-12-01;1;TORRES DO JARDIM I torre 3 unidade 2;Auferir renda por venda;155743.08;Integralização de recurso
23.740.552/0001-31;2016-12-01;1;TORRES DO JARDIM I torre 3 unidade 11;Auferir renda por venda;160095.76;Integralização de recurso
23.740.552/0001-31;2016-12-01;1;TORRES DO JARDIM I torre 3 unidade 12;Auferir renda por venda;161317.65;Integralização de recurso
23.740.552/0001-31;2016-12-01;1;TORRES DO JARDIM I torre 1 unidade 23;Auferir renda por venda;149675.7;Integralização de recurso
23.740.552/0001-31;2016-12-01;1;TORRES DO JARDIM I torre 1 unidade 25;Auferir renda por venda;158510.71;Integralização de recurso
23.740.552/0001-31;2016-12-01;1;TORRES DO JARDIM I torre 3 unidade 45;Auferir renda por venda;158510.71;Integralização de recurso
23.740.552/0001-31;2016-12-01;1;TORRES DO JARDIM I torre 1 unidade 53;Auferir renda por venda;152762.6;Integralização de recurso
23.740.552/0001-31;2016-12-01;1;TORRES DO JARDIM I torre 1 unidade 65;Auferir renda por venda;172241.81;Integralização de recurso
23.740.552/0001-31;2016-12-01;1;TORRES DO JARDIM I torre 1 unidade 72;Auferir renda por venda;172241.81;Integralização de recurso
23.740.552/0001-31;2016-12-01;1;TORRES DO JARDIM I torre 1 unidade 74;Auferir renda por venda;152762.6;Integralização de recurso
23.740.552/0001-31;2016-12-01;1;TORRES DO JARDIM I torre 3 unidade 95;Auferir renda por venda;172241.81;Integralização de recurso
23.740.552/0001-31;2016-12-01;1;TORRES DO JARDIM I torre 1 unidade 102;Auferir renda por venda;183205.92;Integralização de recurso
23.740.552/0001-31;2016-12-01;1;TORRES DO JARDIM I torre 2 unidade 102;Auferir renda por venda;183205.92;Integralização de recurso
23.740.552/0001-31;2016-12-01;1;TORRES DO JARDIM I torre 3 unidade 102;Auferir renda por venda;172241.81;Integralização de recurso
23.740.552/0001-31;2016-12-01;1;TORRES DO JARDIM I torre 2 unidade 105;Auferir renda por venda;183205.92;Integralização de recurso
23.740.552/0001-31;2016-12-01;1;TORRES DO JARDIM I torre 2 unidade 115;Auferir renda por venda;183205.92;Integralização de recurso
23.740.552/0001-31;2016-12-01;1;TORRES DO JARDIM I torre 1 unidade 123;Auferir renda por venda;156168.77;Integralização de recurso
23.740.552/0001-31;2016-12-01;1;TORRES DO JARDIM I torre 1 unidade 125;Auferir renda por venda;183205.92;Integralização de recurso
23.740.552/0001-31;2016-12-01;1;TORRES DO JARDIM III  torre 1 unidade 2;Auferir renda por venda;156977.46;Integralização de recurso
23.740.552/0001-31;2016-12-01;1;TORRES DO JARDIM III  torre 1 unidade 32;Auferir renda por venda;159678.82;Integralização de recurso
23.740.552/0001-31;2016-12-01;1;TORRES DO JARDIM III  torre 3 unidade 32;Auferir renda por venda;159678.82;Integralização de recurso
23.740.552/0001-31;2016-12-01;1;TORRES DO JARDIM III  torre 2 unidade 42;Auferir renda por venda;184589.42;Integralização de recurso
23.740.552/0001-31;2016-12-01;1;TORRES DO JARDIM III  torre 3 unidade 45;Auferir renda por venda;159678.82;Integralização de recurso
23.740.552/0001-31;2016-12-01;1;TORRES DO JARDIM III  torre 2 unidade 46;Auferir renda por venda;159678.82;Integralização de recurso
23.740.552/0001-31;2016-12-01;1;TORRES DO JARDIM III  torre 1 unidade 61;Auferir renda por venda;184589.42;Integralização de recurso
23.740.552/0001-31;2016-12-01;1;TORRES DO JARDIM III  torre 2 unidade 86;Auferir renda por venda;173584.53;Integralização de recurso
23.740.552/0001-31;2016-12-01;1;TORRES DO JARDIM III  torre 2 unidade 91;Auferir renda por venda;173584.53;Integralização de recurso
23.740.552/0001-31;2016-12-01;1;TORRES DO JARDIM III  torre 3 unidade 92;Auferir renda por venda;173584.53;Integralização de recurso
23.740.552/0001-31;2016-12-01;1;TORRES DO JARDIM III  torre 3 unidade 95;Auferir renda por venda;173584.53;Integralização de recurso
23.740.552/0001-31;2016-12-01;1;TORRES DO JARDIM III  torre 2 unidade 101;Auferir renda por venda;173584.53;Integralização de recurso
23.740.552/0001-31;2016-12-01;1;TORRES DO JARDIM III  torre 1 unidade 102;Auferir renda por venda;159678.82;Integralização de recurso
23.740.552/0001-31;2016-12-01;1;TORRES DO JARDIM III  torre 2 unidade 105;Auferir renda por venda;184589.45;Integralização de recurso
23.740.552/0001-31;2016-12-01;1;TORRES DO JARDIM III  torre 3 unidade 105;Auferir renda por venda;184589.42;Integralização de recurso
23.740.552/0001-31;2016-12-01;1;TORRES DO JARDIM III  torre 3 unidade 106;Auferir renda por venda;184589.42;Integralização de recurso
23.740.552/0001-31;2016-12-01;1;TORRES DO JARDIM III  torre 3 unidade 112;Auferir renda por venda;184589.42;Integralização de recurso
23.740.552/0001-31;2016-12-01;1;TORRES DO JARDIM III  torre 1 unidade 122;Auferir renda por venda;184589.42;Integralização de recurso
23.740.552/0001-31;2016-12-01;1;TORRES DO JARDIM III  torre 2 unidade 135;Auferir renda por venda;184589.42;Integralização de recurso
23.740.552/0001-31;2016-12-01;1;TORRES DO JARDIM III  torre 3 unidade 132;Auferir renda por venda;246155.72;Integralização de recurso
23.740.552/0001-31;2016-12-01;1;ALAMEDA DAS PALMEIRAS torre 1 unidade 14;Auferir renda por venda;193995;Integralização de recurso
23.740.552/0001-31;2016-12-01;1;ALAMEDA DAS PALMEIRAS torre 2 unidade 96;Auferir renda por venda;225787.5;Integralização de recurso
23.740.552/0001-31;2016-12-01;1;ALAMEDA DAS PALMEIRAS torre 2 unidade 112;Auferir renda por venda;193995;Integralização de recurso
23.740.552/0001-31;2016-12-01;1;ALAMEDA DAS PALMEIRAS torre 1 unidade 125;Auferir renda por venda;193995;Integralização de recurso
23.740.552/0001-31;2016-12-01;1;ALAMEDA DAS PALMEIRAS torre 2 unidade 146;Auferir renda por venda;225787.5;Integralização de recurso
23.740.552/0001-31;2016-12-01;1;ALAMEDA DAS PALMEIRAS torre 1 unidade 152;Auferir renda por venda;193995;Integralização de recurso
23.740.552/0001-31;2016-12-01;1;ALAMEDA DAS PALMEIRAS torre 1 unidade 154;Auferir renda por venda;193995;Integralização de recurso
23.740.552/0001-31;2016-12-01;1;ALAMEDA DAS PALMEIRAS torre 1 unidade 164;Auferir renda por venda;193995;Integralização de recurso
23.740.552/0001-31;2016-12-01;1;ALAMEDA DAS PALMEIRAS torre 1 unidade 36;Auferir renda por venda;225787.5;Integralização de recurso
23.740.552/0001-31;2016-12-01;1;COND RES GIARDINO IMPERIALE II torre 1 unidade 141;Auferir renda por venda;290830.5;Integralização de recurso
23.740.552/0001-31;2016-12-01;1;RESIDENCIAL FASCINO - FAUZI HAMUCHI torre 1 unidade 155;Auferir renda por venda;240520.5;Integralização de recurso
23.740.575/0001-46;2016-12-01;1;LCI;Rendimento de caixa;60000000;Integralização cotistas
23.740.575/0001-46;2016-12-01;1;Cotas de fundos de Renda fixa;Rendimento de caixa;54878000;Integralização cotistas
23.740.575/0001-46;2016-12-01;1;Direito de uso de superfície;Recebível de aluguel do empreendimento até 2036;114878000;Venda dos ativos de caixa
23.768.027/0001-24;2016-12-01;2;SHOPPING TOP CENTER;RENDA;322422466;Aplicação
23.768.932/0001-84;2016-12-01;2;SHOPPING JK TOWN;RENDA;125847576.33;Aplicação
23.781.211/0001-04;2016-12-31;1;Usufruto - HMB;Renda;209984909.41;Securitização de Recebíveis
23.781.211/0001-04;2016-12-31;1;Usufruto - CAXIAS;Renda;152883760.64;Securitização de Recebíveis
23.781.211/0001-04;2016-12-31;1;Usufruto - HELENA;Renda;252850950;Securitização de Recebíveis
23.781.211/0001-04;2016-12-31;1;Usufruto - STA LUZIA;Renda;141454989.9;Securitização de Recebíveis
23.781.211/0001-04;2016-12-31;1;Usufruto - CORAÇÂO DO BRASIL;Renda;62757250.12;Securitização de Recebíveis
23.781.211/0001-04;2016-12-31;1;Hospital IFOR;Renda;66265732.43;Securitização de Recebíveis
23.964.908/0001-10;2016-12-01;1;1. Terreno 1: Candeias - BA,  matrículas: 6052, 6053, 6054, 6055, 6056, 6057, 6058, 6059, 6060, 6061, 6062 e 6063 Endereço: 50km de Salvador.;Desenvolvimento imobiliário para possível valorização de cotas e resultados;7980977.83;Recursos Próprios
23.964.908/0001-10;2016-12-01;1;2. Terreno 2: Candeias - BA, matrícula 6044.  Endereço: 50km de Salvador.;Desenvolvimento imobiliário para possível valorização de cotas e resultados;8496175.1;Recursos Próprios
23.964.908/0001-10;2016-12-01;1;3. Terreno 3: Campo Grande - MS , matrícula 137.658, Endereço: Rodoanel Rodoviário BR 262.;Desenvolvimento imobiliário para possível valorização de cotas e resultados;9998000;Recursos Próprios
23.964.908/0001-10;2016-12-01;1;4. Terreno 4: Guarujá - SP, matrículas: 97.185, 97.186, 97.187, 97.188, 97.189, 97.190, 97.191.  Endereço: Guarujá Central Park, Jardim Belmar.;Desenvolvimento imobiliário para possível valorização de cotas e resultados;11760000;Recursos Próprios
23.964.908/0001-10;2016-12-01;1;5. Terreno 5: Porangantu - GO, matrícula: 3.296. Endereço: Rua São Miguel do Araguaia, nº 242.;Desenvolvimento imobiliário para possível valorização de cotas e resultados;1290879.32;Recursos Próprios
23.964.908/0001-10;2016-12-01;1;6. Terreno 6: Campo de Goytacazes - RJ, matrícula: 13.799, 13.800. Endereço: Silvio Basto Tavares, 341/351 e 329/339.;Desenvolvimento imobiliário para possível valorização de cotas e resultados;4851605.1;Recursos Próprios
23.964.908/0001-10;2016-12-01;1;7.Terreno 7: Pilar do Sul - SP, matrícula: 603, Endereço: Rua Elias Válio, 11 - Centro - Pilar do Sul / SP, CEP: 18185-000;Desenvolvimento imobiliário para possível valorização de cotas e resultados;524452.17;Recursos Próprios
23.964.908/0001-10;2016-12-01;1;8 Terreno Rural: Pedro Velho / RN, matrícula: 468. Endereço: Carnaúba (Fazenda Lagoa das Vieiras).;Desenvolvimento imobiliário para possível valorização de cotas e resultados;779374.16;Recursos Próprios
23.964.908/0001-10;2016-12-01;1;9. Terreno Rural: Pedro Velho / RN, matrícula: 300. Endereço: Cuité (Fazenda Barra do Cuité).;Desenvolvimento imobiliário para possível valorização de cotas e resultados;1059715.2;Recursos Próprios
23.964.908/0001-10;2016-12-01;1;10. Terreno Rural: Pedro Velho / RN, matrícula: 320. Endereço: Cuité (Fazenda Lameiro).;Desenvolvimento imobiliário para possível valorização de cotas e resultados;952359.92;Recursos Próprios
23.964.908/0001-10;2016-12-01;1;11. Terreno Rural: Nísia Floresta / RN, matrícula: 2.469. Endereço: Fazenda Cachoeira.;Desenvolvimento imobiliário para possível valorização de cotas e resultados;5014828.26;Recursos Próprios
23.964.908/0001-10;2016-12-01;1;12. Terreno Rural: Espírito Santo / RN, matrícula: 35. Endereço: Fazenda Boa Esperança.;Desenvolvimento imobiliário para possível valorização de cotas e resultados;1415432.45;Recursos Próprios
23.964.908/0001-10;2016-12-01;1;13. Terreno Rural: Nísia Floresta / RN, matrícula: 221. Endereço: Fazenda Cachoeira II.;Desenvolvimento imobiliário para possível valorização de cotas e resultados;7025445;Recursos Próprios
23.964.908/0001-10;2016-12-01;1;14. Hotel Fazenda: Sorocaba - SP, matrícula: 46.699. Endereço: Estrada Municipal Engenho Velho - Rod. Pres. Castelo Branco - Engenho Velho. Área: 284.658,80m²;Desenvolvimento imobiliário para possível valorização de cotas e resultados;26200000;Recursos Próprios
23.964.908/0001-10;2016-12-01;1;15. Prédio Comercial: Pilar do Sul - SP, matrícula: 39. Endereço: Rua Dom Lucio Antunes de Souza, 393. Área: 551,75m²;Desenvolvimento imobiliário para possível valorização de cotas e resultados;4067000;Recursos Próprios
23.964.908/0001-10;2016-12-01;1;16. Imóvel Comercial: Presidente Dutra - MA, matrícula: 6.797. Endereço: Praça São Sebastião, 411, Centro. Área: 585m²;Desenvolvimento imobiliário para possível valorização de cotas e resultados;437000;Recursos Próprios
23.964.908/0001-10;2016-12-01;1;17. Imóvel Comercial: Carazinho - RS, matrícula: 37.134. Endereço: Av. Gal. Flores da Cunha, 1657, Centro. Área: 419,37m²;Desenvolvimento imobiliário para possível valorização de cotas e resultados;1770000;Recursos Próprios
23.964.908/0001-10;2016-12-01;1;18. Imóvel Industrial: Contagem - MG, matrícula: 93.214. Endereço: Av. Wilson Tavares Ribeiro, 800 - Chácaras Reunidas Sta. Terezinha. Área: 16.554,35m²;Desenvolvimento imobiliário para possível valorização de cotas e resultados;18482000;Recursos Próprios
23.964.908/0001-10;2016-12-01;1;19. Prédio Residencial: São Conrado - RJ, matrícula: 44.236. Endereço: Avenida Prefeito Mendes de Morais, 1100, apto. 1301, Rio de Janeiro. 1.909,55m²;Desenvolvimento imobiliário para possível valorização de cotas e resultados;10601000;Recursos Próprios
23.964.908/0001-10;2016-12-01;1;20. Imóvel Comercial: Magé - RJ, matrícula: 41.879. Endereço: Av. N Sra. da Piedade, 75, Jardim N. Sra. da Piedade, Sede. Área: 7311m²;Desenvolvimento imobiliário para possível valorização de cotas e resultados;9390000;Recursos Próprios
23.964.908/0001-10;2016-12-01;1;21. Empreendimento Residencial: Salvador Prime. Matrícula Global: 91.468. Endereço: Av. Tancredo Neves Esquina com a Alameda Salvador, Nº 2227, Caminho das Árvores, Salvador - BA.;Desenvolvimento imobiliário para possível valorização de cotas e resultados;128521012.39;Recursos Próprios
23.964.908/0001-10;2016-12-01;1;22.Imóvel Industrial 2: São José dos Pinhais - PR, matrícula: 65.771. Endereço: Avenida das Torres, 2391. Área Total: 5489,35m²;Desenvolvimento imobiliário para possível valorização de cotas e resultados;15419000;Recursos Próprios
23.964.908/0001-10;2016-12-01;1;23. Industrial: Bady Bassit - SP, matrícula: 64.610. Endereço: Rodovia BR-153, km 75,5 - Distrito Industrial III. Área Total: 20.100m²;Desenvolvimento imobiliário para possível valorização de cotas e resultados;13479120;Recursos Próprios
23.964.908/0001-10;2016-12-01;1;24. Terreno: Jacarepaguá - Rio de Janeiro - RJ, matrícula 161.009. Endereço: Estrada do Gabinal, nº 1336.;Desenvolvimento imobiliário para possível valorização de cotas e resultados;5905457.55;Recursos Próprios
23.964.908/0001-10;2016-12-01;1;25: Terreno: Jacarepaguá - Rio de Janeiro - RJ, matrícula: 1.126. Endereço: Rua Estrada do Gabinal, nº 1284;Desenvolvimento imobiliário para possível valorização de cotas e resultados;4107680.5;Recursos Próprios
23.964.908/0001-10;2016-12-01;1;26. Terreno: São José dos Pinhais - PR, matrícula: 66.244. Endereço: Rotatória de confluência da Avenida Norte com a Rua Sebastião Souza Ramos - Campininha do Guaraituba;Desenvolvimento imobiliário para possível valorização de cotas e resultados;16913000;Recursos Próprios
23.964.908/0001-10;2016-12-01;1;27. Terreno: Várzea Grande - MT, matrícula: 55.043. Endereço: Estrada da Guarita - Passagem da Conceição;Desenvolvimento imobiliário para possível valorização de cotas e resultados;9428726.87;Recursos Próprios
23.964.908/0001-10;2016-12-01;1;28. Terreno: Várzea Grande - MT, matrícula: 55.429. Endereço: Rodovia dos Imigrantes, altura do KM 25.;Desenvolvimento imobiliário para possível valorização de cotas e resultados;7814702.78;Recursos Próprios
23.964.908/0001-10;2016-12-01;1;29. Imóvel Comercial: Rio de Janeiro - RJ, matrícula: 344.069, Endereço: Rua Cândido Benício, nº 200, CEP: 21.320-060;Desenvolvimento imobiliário para possível valorização de cotas e resultados;11970000;Recursos Próprios
23.964.908/0001-10;2016-12-01;1;30. Imóvel Comercial: Niterói - RJ, matrícula: 344.069, Endereço:Rodovia Amaral Peixoto, 3.001 e 3.674,;Desenvolvimento imobiliário para possível valorização de cotas e resultados;19638000;Recursos Próprios
23.964.908/0001-10;2016-12-01;1;31. Galpão Comercial: Mogi das Cruzes - SP, matrícula: 44.617. Endereço: Rua Tenente Onofre Rodrigues de Aguiar, 1301, Vila Industrial;Desenvolvimento imobiliário para possível valorização de cotas e resultados;49311000;Recursos Próprios
23.964.908/0001-10;2016-12-01;1;32. Prédio Residencial: Recife - PE, matrícula: 80.066. Endereço: Rua Amália Bernardino de Souza, 454, Bloco C, apto. 103, Paço Imperial, Boa Viagem.;Desenvolvimento imobiliário para possível valorização de cotas e resultados;326000;Recursos Próprios
23.964.908/0001-10;2016-12-01;1;33. Empreendimento Lumina Office: Bauru - SP, Endereço: Rua Rodrigo Romeiro, 50, esquina da Av. das Nações Unidas - Higienópolis.;Desenvolvimento imobiliário para possível valorização de cotas e resultados;9663013.83;Recursos Próprios
23.964.908/0001-10;2016-12-01;1;34. Prédio Residencial: Belo Horizonte - MG, matrícula: 79.744.  Endereço: Rua Ouro Preto, 1523 - Ed. Costa Smeralda - Ap. 1402;Desenvolvimento imobiliário para possível valorização de cotas e resultados;3789300;Recursos Próprios
23.964.908/0001-10;2016-12-01;1;35. Prédio Residencial: Belo Horizonte - MG, matrícula: 105.559. Endereço: Rua Felipe dos Santos, 760, esquina Rua Coelho de Souza - Lourdes;Desenvolvimento imobiliário para possível valorização de cotas e resultados;3506300;Recursos Próprios
23.964.908/0001-10;2016-12-01;1;36. Industrial: Cubatão - SP, matrícula: 14.171. Endereço: Rodovia Anchieta, Km 53,5 - Bairro Fabril.;Desenvolvimento imobiliário para possível valorização de cotas e resultados;93661000;Recursos Próprios
23.964.908/0001-10;2016-12-01;1;37. Industrial: Paulista - PE., matrícula: 22.388. Endereço: BR 101 Norte, Km 16/17 e Ruas Rio Sibre e Alberto Frazão Ferreira - Distrito Industrial;Desenvolvimento imobiliário para possível valorização de cotas e resultados;32874000;Recursos Próprios
23.964.908/0001-10;2016-12-01;1;38. Industrial: Osasco - SP , matrícula: 30.335. Endereço: Rua Luis Henrique de Oliveira, nº 346 - Quitaúna;Desenvolvimento imobiliário para possível valorização de cotas e resultados;15470400;Recursos Próprios
24.853.060/0001-15;2016-12-01;1;Imóvel Avenida LO-05, s/nº, Quadra 312 Sul, Palmas - TO, objeto da matrícula nº 42.558 do Oficial de Registro de Imóveis de Palmas.;Renda imobiliária proveniente da locação para Odebrecht Ambiental - Saneatins.;37181448.86;Investidores qualificados.
26.191.053/0001-20;2016-12-01;1;Quotas Companhia Fechada Empresa Kuanna Participações Ltda;Proporcionar aos cotistas valorização, por meio de investimentos nos ativos imobiliários podendo se utilizar de mecanismos de alavancagem por meio de cessão dos direitos creditórios oriundos destes.;4800000;Aporte de Cotista
26.191.053/0001-20;2016-12-01;1;Quotas Companhia Fechada Empresa D. Properties Ltda;Proporcionar aos cotistas valorização, por meio de investimentos nos ativos imobiliários podendo se utilizar de mecanismos de alavancagem por meio de cessão dos direitos creditórios oriundos destes.;4150000;Aporte de Cotista
26.395.660/0001-02;2016-12-01;1;Helbor Art Paulista - Av Brigadeiro Luis Antonio - SP;Permuta em incorporação residencial;24700000;Aporte de quotistas
26.395.660/0001-02;2016-12-01;1;Helbor Cabral - Av Paraná - Curitiba;Permuta em incorporação residencial;15300000;Aporte de quotistas
26.395.660/0001-02;2016-12-01;1;Helbor Ecoville - R. Deputado Heitor Alencar Furtado - Curitiba;Permuta em incorporação residencial;30274136;Aporte de quotistas
