CNPJ_Fundo;Data_Referencia;Versao;Nome_Diretor_Representante;Funcao;Nome_Empresa;Periodo;Cargo_Funcao;Atividade_Principal
00.332.266/0001-31;2016-12-01;1;PAULO ANDRE PORTO BILYK;Diretor Responsável pelo FII;Rio Bravo Investimentos;Últimos 5 anos;Chief Investment Officer;Investimentos Imobiliários
00.762.723/0001-28;2016-12-01;1;PAULO ANDRE PORTO BILYK;Diretor Responsável pelo FII;Rio Bravo Investimentos;Últimos 5 anos;Chief Investment Officer;Investimentos Imobiliários
00.868.235/0001-08;2016-12-31;1;PAULO ANDRE PORTO BILYK;Diretor Responsável pelo FII;Rio Bravo Investimentos;Últimos 5 anos;Chief Investment Officer;Investimentos Imobiliários
01.201.140/0001-90;2016-12-01;1;PAULO ANDRE PORTO BILYK;Diretor Responsável pelo FII;Rio Bravo Investimentos;Últimos 5 anos;Chief Investment Officer;Investimentos Imobiliários
01.235.622/0001-61;2016-12-01;2;CARLOS AUGUSTO SALAMONDE;Diretor Responsável pelo FII;BNY Mellon Serviços Financeiros DTVM;2013 -Atualmente;Asset Servicing - Head Brasil e América Latina, Diretor Vice-Presidente;Responsável pelo negocio de Asset Servicing no Brasil e América Latina
01.235.622/0001-61;2016-12-01;2;CARLOS AUGUSTO SALAMONDE;Diretor Responsável pelo FII;Banco JP Morgan;2011-2013;Asset Management - CEO, Investment Management Brasil, Managing Director;Responsável pelo negocio de Asset Management no Brasil
01.235.622/0001-61;2016-12-01;2;CARLOS AUGUSTO SALAMONDE;Diretor Responsável pelo FII;Banco Itaú Unibanco;2008-2011;Asset Servicing - Head Brasil e América Latina, Diretor Vice-Presidente;Responsável pelo negocio de Asset Servicing no Brasil e América Latina
01.497.954/0001-14;2016-12-01;1;EDE ANTONIO GASPERIN;Diretor Responsável pelo FII;Corretora Geral de Valores e Câmbio Ltda.;Desde 01/06/1982.;Diretor;Corretora de Valores e Câmbio
01.601.918/0001-59;2016-12-01;1;PAULO ANDRE PORTO BILYK;Diretor Responsável pelo FII;Rio Bravo Investimentos;Últimos 5 anos;Chief Investment Officer;Investimentos Imobiliários
01.633.741/0001-72;2016-12-31;1;Henrique Freihofer Molinari;Diretor Responsável pelo FII;Coin DTVM LTDA;30/08/1989 a atual;Sócio-diretor;Sociedade Corretora
01.636.325/0001-28;2016-12-31;1;HORACIO MARIO KLEINMAN;Diretor Responsável pelo FII;BR-CAPITAL D.T.V.M. S.A.;1991 até a presente data;Diretor Executivo;Distribuidora de Títulos e Valores Mobiliários
01.636.325/0001-28;2016-12-31;1;HORACIO MARIO KLEINMAN;Diretor Responsável pelo FII;UNITAS CONSULTORIA E EMPREENDIMENTOS LTDA.;1991 até a presente data;Diretor Executivo;Consultoria Imobiliária, Estruturação e Desenvolvimento de Empreendimentos Imobiliária.
01.657.856/0001-05;2016-12-31;1;HORACIO MARIO KLEINMAN;Diretor Responsável pelo FII;BR-CAPITAL D.T.V.M. S.A.;1991 até a presente data;Diretor Executivo;Distribuidora de Títulos e Valores Mobiliários
01.657.856/0001-05;2016-12-31;1;HORACIO MARIO KLEINMAN;Diretor Responsável pelo FII;UNITAS CONSULTORIA E EMPREENDIMENTOS LTDA.;1991 até a presente data;Diretor Executivo;Consultoria Imobiliária, Estruturação e Desenvolvimento de Empreendimentos Imobiliária.
01.964.775/0001-40;2016-12-01;1;Ernani Leite Vitorello;Diretor Responsável pelo FII;BANCO BCV;2011;Diretor Executivo;Administrador
02.027.437/0001-44;2016-12-01;1;PAULO ANDRE PORTO BILYK;Diretor Responsável pelo FII;Rio Bravo Investimentos;Últimos 5 anos;Chief Investment Officer;Investimentos Imobiliários
02.508.235/0001-14;2016-12-01;1;PAULO ANDRE PORTO BILYK;Diretor Responsável pelo FII;Rio Bravo Investimentos;Últimos 5 anos;Chief Investment Officer;Investimentos Imobiliários
03.251.720/0001-18;2016-12-31;1;Henrique Freihofer Molinari;Diretor Responsável pelo FII;Coin DTVM LTDA;30/08/1989 a atual;Sócio-diretor;Sociedade Corretora
03.507.519/0001-59;2016-12-01;1;PAULO ANDRE PORTO BILYK;Diretor Responsável pelo FII;Rio Bravo Investimentos;Últimos 5 anos;Chief Investment Officer;Investimentos Imobiliários
03.683.056/0001-86;2016-12-01;3;PAULO ANDRE PORTO BILYK;Diretor Responsável pelo FII;Rio Bravo Investimentos;Últimos 5 anos;Chief Investment Officer;Investimentos Imobiliários
03.855.441/0001-63;2016-12-31;1;PAULO ANDRE PORTO BILYK;Diretor Responsável pelo FII;Rio Bravo Investimentos;Últimos 5 anos;Chief Investment Officer;Investimentos Imobiliários
04.066.582/0001-60;2016-12-01;1;Allan Hadid;Diretor Responsável pelo FII;Banco BTG Pactual S.A;De julho de 2014 até hoje;Ingressou como partner no Banco BTG Pactual S.A. na posição de COO (Chief Operations Officer) da área de Merchant Banking e, atualmente, ocupa o cargo de COO (Chief Operations Officer) da área de Global Asset Management;Atualmente, ocupa o cargo de COO (Chief Operations Officer) da área de Global Asset Management.
04.066.582/0001-60;2016-12-01;1;Allan Hadid;Diretor Responsável pelo FII;BRZ Investimentos;De junho de 2011 até junho de 2014;CEO (Chief Executive Officer);Atuou na área de gestão de recursos
04.141.645/0001-03;2016-12-31;1;HORACIO MARIO KLEINMAN;Diretor Responsável pelo FII;UNITAS CONSULTORIA E EMPREENDIMENTOS LTDA.;1991 até a presente data;Diretor Executivo;Consultoria Imobiliária, Estruturação e Desenvolvimento de Empreendimentos Imobiliária.
04.141.645/0001-03;2016-12-31;1;HORACIO MARIO KLEINMAN;Diretor Responsável pelo FII;BR-CAPITAL D.T.V.M. S.A.;1991 até a presente data;Diretor Executivo;Distribuidora de Títulos e Valores Mobiliários
04.722.883/0001-02;2016-12-01;1;Allan Hadid;Diretor Responsável pelo FII;Banco BTG Pactual S.A;De julho de 2014 até hoje;Ingressou como partner no Banco BTG Pactual S.A. na posição de COO (Chief Operations Officer) da área de Merchant Banking e, atualmente, ocupa o cargo de COO (Chief Operations Officer) da área de Global Asset Management;Atualmente, ocupa o cargo de COO (Chief Operations Officer) da área de Global Asset Management.
04.722.883/0001-02;2016-12-01;1;Allan Hadid;Diretor Responsável pelo FII;BRZ Investimentos;De junho de 2011 até junho de 2014;CEO (Chief Executive Officer);Atuou na área de gestão de recursos
04.782.236/0001-88;2016-12-31;1;Fernando Ferreira da Silva Telles;Diretor Responsável pelo FII;Coinvalores C.C.V.M. Ltda.;24/06/1996;Diretor;Sociedade Corretora
05.437.916/0001-27;2016-12-31;1;Fernando Ferreira da Silva Telles;Diretor Responsável pelo FII;Coinvalores C.C.V.M. Ltda.;24/06/1996;Diretor;Sociedade Corretora
05.562.312/0001-02;2016-12-01;2;Allan Hadid;Diretor Responsável pelo FII;Banco BTG Pactual S.A;De julho de 2014 até hoje;Ingressou como partner no Banco BTG Pactual S.A. na posição de COO (Chief Operations Officer) da área de Merchant Banking e, atualmente, ocupa o cargo de COO (Chief Operations Officer) da área de Global Asset Management;Atualmente, ocupa o cargo de COO (Chief Operations Officer) da área de Global Asset Management.
05.562.312/0001-02;2016-12-01;2;Allan Hadid;Diretor Responsável pelo FII;BRZ Investimentos;De junho de 2011 até junho de 2014;CEO (Chief Executive Officer);Atuou na área de gestão de recursos
05.562.312/0001-02;2016-12-01;2;Luiz Gustavo Aurnheimer Vieira;Representante de cotistas;Consenso Locação e construção de Imóveis Ltda;6;Sócio;Locação e construção de imóveis
05.562.312/0001-02;2016-12-01;2;Gabriel José Lindenbaum;Representante de cotistas;Lisboa Lindenbaum Imoveis LTDA;25;Sócio Gerente;Administração, locação, compra e venda de imóveis, e processos judiciais na área imobiliária, como despejos, execuções, renovatórias e revisionais.
06.175.262/0001-73;2016-12-31;1;José Alexandre Costa de Freitas;Diretor Responsável pelo FII;Oliveira Trust;Março de 1992 - Data atual;Diretor Presidente;Distribuidora de Títulos e Valores Mobiliários
07.000.400/0001-46;2016-12-01;1;Gabriel Jose Lindenbaum;Representante de cotistas;Lisboa Lindenbaum Imovéis LTDA;1992 até os dias atuais;Sócio Gerente;Administração, locação, compra e venda de imóveis
07.000.400/0001-46;2016-12-01;1;FLAVIO EDUARDO ARAKAKI;Diretor Responsável pelo FII;Caixa Econômica Federal;26/07/2016 até o momento;Vice-Presidente Interino;Vice-Presidência de Gestão de Ativos de Terceiros
07.000.400/0001-46;2016-12-01;1;FLAVIO EDUARDO ARAKAKI;Diretor Responsável pelo FII;Caixa Econômica Federal;22/05/2013 a 25/07/2016;Diretor Executivo;Diretoria Executiva de Ativos de Terceiros
07.000.400/0001-46;2016-12-01;1;Luiz Gustavo Aurnheimer Vieira;Representante de cotistas;Consenso Locação e Construção de Imóveis LTDA;2004 até os dias atuais;Sócio;Locação e construção de imóveis
07.000.400/0001-46;2016-12-01;1;FLAVIO EDUARDO ARAKAKI;Diretor Responsável pelo FII;Caixa Econômica Federal;10/06/2011 a 21/05/2013;Superintendente Nacional;Superintendência Nacional de Fundos de Investimento Especiais
07.122.725/0001-00;2016-12-01;1;Allan Hadid;Diretor Responsável pelo FII;Banco BTG Pactual S.A;De julho de 2014 até hoje;Ingressou como partner no Banco BTG Pactual S.A. na posição de COO (Chief Operations Officer) da área de Merchant Banking e, atualmente, ocupa o cargo de COO (Chief Operations Officer) da área de Global Asset Management;Atualmente, ocupa o cargo de COO (Chief Operations Officer) da área de Global Asset Management.
07.122.725/0001-00;2016-12-01;1;Allan Hadid;Diretor Responsável pelo FII;BRZ Investimentos;De junho de 2011 até junho de 2014;CEO (Chief Executive Officer);Atuou na área de gestão de recursos
07.224.019/0001-60;2016-12-01;1;Allan Hadid;Diretor Responsável pelo FII;BRZ Investimentos;De junho de 2011 até junho de 2014;CEO (Chief Executive Officer);Atuou na área de gestão de recursos
07.224.019/0001-60;2016-12-01;1;Allan Hadid;Diretor Responsável pelo FII;Banco BTG Pactual S.A;De julho de 2014 até hoje;Ingressou como partner no Banco BTG Pactual S.A. na posição de COO (Chief Operations Officer) da área de Merchant Banking e, atualmente, ocupa o cargo de COO (Chief Operations Officer) da área de Global Asset Management;Atualmente, ocupa o cargo de COO (Chief Operations Officer) da área de Global Asset Management.
07.352.632/0001-63;2016-12-01;1;Allan Hadid;Diretor Responsável pelo FII;BRZ Investimentos;De junho de 2011 até junho de 2014;CEO (Chief Executive Officer);Atuou na área de gestão de recursos
07.352.632/0001-63;2016-12-01;1;Allan Hadid;Diretor Responsável pelo FII;Banco BTG Pactual S.A;De julho de 2014 até hoje;Ingressou como partner no Banco BTG Pactual S.A. na posição de COO (Chief Operations Officer) da área de Merchant Banking e, atualmente, ocupa o cargo de COO (Chief Operations Officer) da área de Global Asset Management;Atualmente, ocupa o cargo de COO (Chief Operations Officer) da área de Global Asset Management.
07.583.627/0001-61;2016-12-01;1;David Assine;Diretor Responsável pelo FII;Banco Ourinvest S.A.;1988- atual;Diretor;Principais atuações: mercado financeiro, câmbio e área financeira imobiliária.
07.583.627/0001-61;2016-12-01;1;David Assine;Diretor Responsável pelo FII;OURINVEST PARTICIPAÇÕES S.A.;1992- atual;Diretor;Holding , única controladora do grupo Ourinvest.
07.583.627/0001-61;2016-12-01;1;David Assine;Diretor Responsável pelo FII;Assine DTVM Ltda;1978 a 1985;Sócio Gerente;Distribuidora de títulos e valores mobiliários
07.583.627/0001-61;2016-12-01;1;Não aplicável;Representante de cotistas;Não aplicável;0;Não aplicável;Não aplicável
07.583.627/0001-61;2016-12-01;1;David Assine;Diretor Responsável pelo FII;SUPPLIERCARD ADMINISTRADORA DE CARTÕES DE CRÉDITO S.A.;05/2004 a 09/2010;Presidente do conselho de administração;Administração e processamento de cartões.
07.583.627/0001-61;2016-12-01;1;Não aplicável;Representante de cotistas;Não aplicável;5;Não aplicável;Não aplicável
07.583.627/0001-61;2016-12-01;1;David Assine;Diretor Responsável pelo FII;Ourinvest Metais Comercial Exportadora Ltda;2003- atual;Diretor;Comércio atacadista de produtos de extração mineral, exceto combustíveis.
07.789.135/0001-27;2016-12-01;1;Eduardo Alvares Moreira;Diretor Responsável pelo FII;Geração Futuro CTVM;11/2014 até o momento;Senior Partner;Diretor responsavel
07.789.135/0001-27;2016-12-01;1;Eduardo Alvares Moreira;Diretor Responsável pelo FII;Grupo Brasil Plural;10/2009 á 10/2014;Senior Partner;Responsável pela estruturação das áreas de Wealth Management
08.014.513/0001-63;2016-12-01;1;Allan Hadid;Diretor Responsável pelo FII;BRZ Investimentos;De junho de 2011 até junho de 2014;CEO (Chief Executive Officer);Atuou na área de gestão de recursos
08.014.513/0001-63;2016-12-01;1;Allan Hadid;Diretor Responsável pelo FII;Banco BTG Pactual S.A;De julho de 2014 até hoje;Ingressou como partner no Banco BTG Pactual S.A. na posição de COO (Chief Operations Officer) da área de Merchant Banking e, atualmente, ocupa o cargo de COO (Chief Operations Officer) da área de Global Asset Management;Atualmente, ocupa o cargo de COO (Chief Operations Officer) da área de Global Asset Management.
08.098.114/0001-28;2016-12-01;1;Allan Hadid;Diretor Responsável pelo FII;Banco BTG Pactual S.A;De julho de 2014 até hoje;Ingressou como partner no Banco BTG Pactual S.A. na posição de COO (Chief Operations Officer) da área de Merchant Banking e, atualmente, ocupa o cargo de COO (Chief Operations Officer) da área de Global Asset Management;Atualmente, ocupa o cargo de COO (Chief Operations Officer) da área de Global Asset Management.
08.098.114/0001-28;2016-12-01;1;Allan Hadid;Diretor Responsável pelo FII;BRZ Investimentos;De junho de 2011 até junho de 2014;CEO (Chief Executive Officer);Atuou na área de gestão de recursos
08.417.532/0001-30;2016-12-01;1;PAULO ANDRE PORTO BILYK;Diretor Responsável pelo FII;Rio Bravo Investimentos;Últimos 5 anos;Chief Investment Officer;Investimentos Imobiliários
08.431.747/0001-06;2016-12-31;1;Luiz Guilherme da Costa Manso Moreira de Mendonça;Diretor Responsável pelo FII;Banco de Investimentos Credit Suisse (Brasil) S.A.;Março/2009 até a presente data(obs. período que assumiu o cargo atual. Funcionário da instituição desde 1992.);Chefe de Finanças das empresas do grupo Credit Suisse no Brasil, responsável pelos departamentos de Contabilidade, Impostos, Risco, Resultado Gerencial, Orçamento e Planejamento e Controladoria de Fundos;Instituição Financeira
08.693.497/0001-82;2016-12-01;1;Robert John Van Dijk;Diretor Responsável pelo FII;VOTORANTIM ASSET MANAGEMENT DTVM LTDA.;29/04/2011 até o presente momento;Diretor Geral;Administração de fundos de investimento
08.706.065/0001-69;2016-12-01;1;Allan Hadid;Diretor Responsável pelo FII;BRZ Investimentos;De junho de 2011 até junho de 2014;CEO (Chief Executive Officer);Atuou na área de gestão de recursos
08.706.065/0001-69;2016-12-01;1;Allan Hadid;Diretor Responsável pelo FII;Banco BTG Pactual S.A;De julho de 2014 até hoje;Ingressou como partner no Banco BTG Pactual S.A. na posição de COO (Chief Operations Officer) da área de Merchant Banking e, atualmente, ocupa o cargo de COO (Chief Operations Officer) da área de Global Asset Management;Atualmente, ocupa o cargo de COO (Chief Operations Officer) da área de Global Asset Management.
08.924.783/0001-01;2016-12-01;1;Allan Hadid;Diretor Responsável pelo FII;Banco BTG Pactual S.A;De julho de 2014 até hoje;Ingressou como partner no Banco BTG Pactual S.A. na posição de COO (Chief Operations Officer) da área de Merchant Banking e, atualmente, ocupa o cargo de COO (Chief Operations Officer) da área de Global Asset Management;Atualmente, ocupa o cargo de COO (Chief Operations Officer) da área de Global Asset Management.
08.924.783/0001-01;2016-12-01;1;Allan Hadid;Diretor Responsável pelo FII;BRZ Investimentos;De junho de 2011 até junho de 2014;CEO (Chief Executive Officer);Atuou na área de gestão de recursos
09.006.914/0001-34;2016-12-01;1;Robert John Van Dijk;Diretor Responsável pelo FII;VOTORANTIM ASSET MANAGEMENT DTVM LTDA.;29/04/2011 até o presente momento;Diretor Geral;Administração de fundos de investimento
09.072.017/0001-29;2016-12-31;1;Luiz Guilherme da Costa Manso Moreira de Mendonça;Diretor Responsável pelo FII;Banco de Investimentos Credit Suisse (Brasil) S.A.;Março/2009 até a presente data(obs. período que assumiu o cargo atual. Funcionário da instituição desde 1992.);Chefe de Finanças das empresas do grupo Credit Suisse no Brasil, responsável pelos departamentos de Contabilidade, Impostos, Risco, Resultado Gerencial, Orçamento e Planejamento e Controladoria de Fundos;Instituição Financeira
09.276.964/0001-31;2016-12-01;1;Allan Hadid;Diretor Responsável pelo FII;Banco BTG Pactual S.A;De julho de 2014 até hoje;Ingressou como partner no Banco BTG Pactual S.A. na posição de COO (Chief Operations Officer) da área de Merchant Banking e, atualmente, ocupa o cargo de COO (Chief Operations Officer) da área de Global Asset Management;Atualmente, ocupa o cargo de COO (Chief Operations Officer) da área de Global Asset Management.
09.276.964/0001-31;2016-12-01;1;Allan Hadid;Diretor Responsável pelo FII;BRZ Investimentos;De junho de 2011 até junho de 2014;CEO (Chief Executive Officer);Atuou na área de gestão de recursos
09.326.861/0001-39;2016-12-01;1;Allan Hadid;Diretor Responsável pelo FII;Banco BTG Pactual S.A;De julho de 2014 até hoje;Ingressou como partner no Banco BTG Pactual S.A. na posição de COO (Chief Operations Officer) da área de Merchant Banking e, atualmente, ocupa o cargo de COO (Chief Operations Officer) da área de Global Asset Management;Atualmente, ocupa o cargo de COO (Chief Operations Officer) da área de Global Asset Management.
09.326.861/0001-39;2016-12-01;1;Allan Hadid;Diretor Responsável pelo FII;BRZ Investimentos;De junho de 2011 até junho de 2014;CEO (Chief Executive Officer);Atuou na área de gestão de recursos
09.350.920/0001-04;2016-12-01;1;PAULO ANDRE PORTO BILYK;Diretor Responsável pelo FII;Rio Bravo Investimentos;Últimos 5 anos;Chief Investment Officer;Investimentos Imobiliários
09.552.812/0001-14;2016-12-01;1;Allan Hadid;Diretor Responsável pelo FII;Banco BTG Pactual S.A;De julho de 2014 até hoje;Ingressou como partner no Banco BTG Pactual S.A. na posição de COO (Chief Operations Officer) da área de Merchant Banking e, atualmente, ocupa o cargo de COO (Chief Operations Officer) da área de Global Asset Management;Atualmente, ocupa o cargo de COO (Chief Operations Officer) da área de Global Asset Management.
09.552.812/0001-14;2016-12-01;1;Allan Hadid;Diretor Responsável pelo FII;BRZ Investimentos;De junho de 2011 até junho de 2014;CEO (Chief Executive Officer);Atuou na área de gestão de recursos
10.347.505/0001-80;2016-12-01;1;Robert John Van Dijk;Diretor Responsável pelo FII;VOTORANTIM ASSET MANAGEMENT DTVM LTDA.;29/04/2011 até o presente momento;Diretor Geral;Administração de fundos de investimento
10.347.985/0001-80;2016-12-01;1;Robert John Van Dijk;Diretor Responsável pelo FII;VOTORANTIM ASSET MANAGEMENT DTVM LTDA.;29/04/2011 até o presente momento;Diretor Geral;Administração de fundos de investimento
10.348.185/0001-83;2016-12-01;1;Robert John Van Dijk;Diretor Responsável pelo FII;VOTORANTIM ASSET MANAGEMENT DTVM LTDA.;29/04/2011 até o presente momento;Diretor Geral;Administração de fundos de investimento
10.375.382/0001-91;2016-12-01;1;Allan Hadid;Diretor Responsável pelo FII;Banco BTG Pactual S.A;De julho de 2014 até hoje;Ingressou como partner no Banco BTG Pactual S.A. na posição de COO (Chief Operations Officer) da área de Merchant Banking e, atualmente, ocupa o cargo de COO (Chief Operations Officer) da área de Global Asset Management;Atualmente, ocupa o cargo de COO (Chief Operations Officer) da área de Global Asset Management.
10.375.382/0001-91;2016-12-01;1;Allan Hadid;Diretor Responsável pelo FII;BRZ Investimentos;De junho de 2011 até junho de 2014;CEO (Chief Executive Officer);Atuou na área de gestão de recursos
10.427.246/0001-06;2016-12-01;1;Allan Hadid;Diretor Responsável pelo FII;BRZ Investimentos;De junho de 2011 até junho de 2014;CEO (Chief Executive Officer);Atuou na área de gestão de recursos
10.427.246/0001-06;2016-12-01;1;Allan Hadid;Diretor Responsável pelo FII;Banco BTG Pactual S.A;De julho de 2014 até hoje;Ingressou como partner no Banco BTG Pactual S.A. na posição de COO (Chief Operations Officer) da área de Merchant Banking e, atualmente, ocupa o cargo de COO (Chief Operations Officer) da área de Global Asset Management;Atualmente, ocupa o cargo de COO (Chief Operations Officer) da área de Global Asset Management.
10.456.799/0001-89;2016-12-01;1;EDE ANTONIO GASPERIN;Diretor Responsável pelo FII;Corretora Geral de Valores e Câmbio Ltda.;Desde 01/06/1982.;Diretor;Corretora de Valores e Câmbio
10.456.810/0001-00;2016-12-01;1;PAULO ANDRE PORTO BILYK;Diretor Responsável pelo FII;Rio Bravo Investimentos;Últimos 5 anos;Chief Investment Officer;Investimentos Imobiliários
10.522.648/0001-81;2016-12-30;3;CARLOS AUGUSTO SALAMONDE;Diretor Responsável pelo FII;Banco JP Morgan;2011-2013;Asset Management - CEO, Investment Management Brasil, Managing Director;Responsável pelo negocio de Asset Management no Brasil
10.522.648/0001-81;2016-12-30;3;CARLOS AUGUSTO SALAMONDE;Diretor Responsável pelo FII;BNY Mellon Serviços Financeiros DTVM;2013 -Atualmente;Asset Servicing - Head Brasil e América Latina, Diretor Vice-Presidente;Responsável pelo negocio de Asset Servicing no Brasil e América Latina
10.522.648/0001-81;2016-12-30;3;CARLOS AUGUSTO SALAMONDE;Diretor Responsável pelo FII;Banco Itaú Unibanco;2008-2011;Asset Servicing - Head Brasil e América Latina, Diretor Vice-Presidente;Responsável pelo negocio de Asset Servicing no Brasil e América Latina
10.869.155/0001-12;2016-12-01;1;Allan Hadid;Diretor Responsável pelo FII;BRZ Investimentos;De junho de 2011 até junho de 2014;CEO (Chief Executive Officer);Atuou na área de gestão de recursos
10.869.155/0001-12;2016-12-01;1;Allan Hadid;Diretor Responsável pelo FII;Banco BTG Pactual S.A;De julho de 2014 até hoje;Ingressou como partner no Banco BTG Pactual S.A. na posição de COO (Chief Operations Officer) da área de Merchant Banking e, atualmente, ocupa o cargo de COO (Chief Operations Officer) da área de Global Asset Management;Atualmente, ocupa o cargo de COO (Chief Operations Officer) da área de Global Asset Management.
10.991.914/0001-15;2016-12-01;1;FLAVIO EDUARDO ARAKAKI;Diretor Responsável pelo FII;Caixa Econômica Federal;26/07/2016 até o momento;Vice-Presidente Interino;Vice-Presidência de Gestão de Ativos de Terceiros
10.991.914/0001-15;2016-12-01;1;FLAVIO EDUARDO ARAKAKI;Diretor Responsável pelo FII;Caixa Econômica Federal;10/06/2011 a 21/05/2013;Superintendente Nacional;Superintendência Nacional de Fundos de Investimento Especiais
10.991.914/0001-15;2016-12-01;1;FLAVIO EDUARDO ARAKAKI;Diretor Responsável pelo FII;Caixa Econômica Federal;22/05/2013 a 25/07/2016;Diretor Executivo;Diretoria Executiva de Ativos de Terceiros
10.993.386/0001-33;2016-12-01;1;Allan Hadid;Diretor Responsável pelo FII;BRZ Investimentos;De junho de 2011 até junho de 2014;CEO (Chief Executive Officer);Atuou na área de gestão de recursos
10.993.386/0001-33;2016-12-01;1;Allan Hadid;Diretor Responsável pelo FII;Banco BTG Pactual S.A;De julho de 2014 até hoje;Ingressou como partner no Banco BTG Pactual S.A. na posição de COO (Chief Operations Officer) da área de Merchant Banking e, atualmente, ocupa o cargo de COO (Chief Operations Officer) da área de Global Asset Management;Atualmente, ocupa o cargo de COO (Chief Operations Officer) da área de Global Asset Management.
11.026.627/0001-38;2016-12-01;1;Allan Hadid;Diretor Responsável pelo FII;Banco BTG Pactual S.A;De julho de 2014 até hoje;Ingressou como partner no Banco BTG Pactual S.A. na posição de COO (Chief Operations Officer) da área de Merchant Banking e, atualmente, ocupa o cargo de COO (Chief Operations Officer) da área de Global Asset Management;Atualmente, ocupa o cargo de COO (Chief Operations Officer) da área de Global Asset Management.
11.026.627/0001-38;2016-12-01;1;Allan Hadid;Diretor Responsável pelo FII;BRZ Investimentos;De junho de 2011 até junho de 2014;CEO (Chief Executive Officer);Atuou na área de gestão de recursos
11.044.355/0001-07;2016-12-31;1;José Alexandre Costa de Freitas;Diretor Responsável pelo FII;Oliveira Trust;Março/1992 - Data Atual;Diretor Presidente;Distribuidora de Títulos e Valores Mobiliários
11.160.521/0001-22;2016-12-31;2;Bruno Laskowsky;Diretor Responsável pelo FII;Credit Suisse Hedging-Griffo Corretora de Valores S.A.;Janeiro/2017 até a presente data;Managing Director - Real Estate;Instituição Financeira
11.160.521/0001-22;2016-12-31;2;Bruno Laskowsky;Diretor Responsável pelo FII;Viver/Inpar Incorporadora e Construtora S.A;Outubro/2012 a Junho/2016;CEO;Incorporadora e Construtora
11.160.521/0001-22;2016-12-31;2;Bruno Laskowsky;Diretor Responsável pelo FII;Boston Consulting Group;Julho/2016 a Dezembro/2016;Senior Advisor;Consultoria
11.179.118/0001-45;2016-12-01;1;Allan Hadid;Diretor Responsável pelo FII;BRZ Investimentos;De junho de 2011 até junho de 2014;CEO (Chief Executive Officer);Atuou na área de gestão de recursos
11.179.118/0001-45;2016-12-01;1;Allan Hadid;Diretor Responsável pelo FII;Banco BTG Pactual S.A;De julho de 2014 até hoje;Ingressou como partner no Banco BTG Pactual S.A. na posição de COO (Chief Operations Officer) da área de Merchant Banking e, atualmente, ocupa o cargo de COO (Chief Operations Officer) da área de Global Asset Management;Atualmente, ocupa o cargo de COO (Chief Operations Officer) da área de Global Asset Management.
11.233.841/0001-65;2016-12-01;1;JOSE ALEXANDRE COSTA DE FREITAS;Diretor Responsável pelo FII;Oliveira Trust;Março de 1992 - Data atual;Diretor Presidente;Distribuidora de Títulos e Valores Mobiliários
11.260.134/0001-68;2016-12-31;1;Luiz Guilherme da Costa Manso Moreira de Mendonça;Diretor Responsável pelo FII;Banco de Investimentos Credit Suisse (Brasil) S.A.;Março/2009 até a presente data(obs. período que assumiu o cargo atual. Funcionário da instituição desde 1992.);Chefe de Finanças das empresas do grupo Credit Suisse no Brasil, responsável pelos departamentos de Contabilidade, Impostos, Risco, Resultado Gerencial, Orçamento e Planejamento e Controladoria de Fundos;Instituição Financeira
11.268.335/0001-01;2016-12-01;1;André Bernardino da Cruz Filho;Diretor Responsável pelo FII;BANCO BRADESCO S/A;Atual;Diretor responsável pela administração dos Fundos de Investimento administrados pelo Banco Bradesco S.A. e pela BEM - Distribuidora de Títulos e Valores Mobiliários Ltda.;Instituição Financeira
11.274.415/0001-70;2016-12-01;1;Allan Hadid;Diretor Responsável pelo FII;BRZ Investimentos;De junho de 2011 até junho de 2014;CEO (Chief Executive Officer);Atuou na área de gestão de recursos
11.274.415/0001-70;2016-12-01;1;Allan Hadid;Diretor Responsável pelo FII;Banco BTG Pactual S.A;De julho de 2014 até hoje;Ingressou como partner no Banco BTG Pactual S.A. na posição de COO (Chief Operations Officer) da área de Merchant Banking e, atualmente, ocupa o cargo de COO (Chief Operations Officer) da área de Global Asset Management;Atualmente, ocupa o cargo de COO (Chief Operations Officer) da área de Global Asset Management.
11.281.322/0001-72;2016-12-01;1;André Bernardino da Cruz Filho;Diretor Responsável pelo FII;BANCO BRADESCO S/A;Atual;Diretor responsável pela administração dos Fundos de Investimento administrados pelo Banco Bradesco S.A. e pela BEM - Distribuidora de Títulos e Valores Mobiliários Ltda.;Instituição Financeira
11.602.654/0001-01;2016-12-01;1;Allan Hadid;Diretor Responsável pelo FII;BRZ Investimentos;De junho de 2011 até junho de 2014;CEO (Chief Executive Officer);Atuou na área de gestão de recursos
11.602.654/0001-01;2016-12-01;1;Allan Hadid;Diretor Responsável pelo FII;Banco BTG Pactual S.A;De julho de 2014 até hoje;Ingressou como partner no Banco BTG Pactual S.A. na posição de COO (Chief Operations Officer) da área de Merchant Banking e, atualmente, ocupa o cargo de COO (Chief Operations Officer) da área de Global Asset Management;Atualmente, ocupa o cargo de COO (Chief Operations Officer) da área de Global Asset Management.
11.664.201/0001-00;2016-12-01;1;PAULO VELLANI DE LIMA;Diretor Responsável pelo FII;BANCO FATOR S.A.;12/2015 - ATUAL;DIRETOR DE ORIGINAÇÃO E ESTRUTURAÇÃO;É responsável pelos atos necessários aofuncionamento regular da atividade de Administração Fiduciária.  (incluindo elaboração de Atos societários e Fiduciários dos fundos de investimento sob administração Fator).
11.664.201/0001-00;2016-12-01;1;PAULO VELLANI DE LIMA;Diretor Responsável pelo FII;FATOR S.A. CORRETORA DE VALORES;12/2015 - ATUAL;DIRETOR DE RECURSOS DE TERCEIROS;É responsável pelos atos necessários aofuncionamento regular da atividade de Administração Fiduciária
11.664.201/0001-00;2016-12-01;1;PAULO VELLANI DE LIMA;Diretor Responsável pelo FII;FAR - FATOR ADMINISTRAÇÃO DE RECURSOS LTDA;01/2008 A 12/2015;GERENTE DE PROCESSOS DE OPERAÇÕES;Foi responsável pelo BackOffice da FAR - Fator Administração de Recursos, respondendo pelos procedimentos, rotinas operacionais e fluxos com prestadores de serviço relacionados aos fundos de investimento
11.701.400/0001-40;2016-12-31;1;JOSE ALEXANDRE COSTA DE FREITAS;Diretor Responsável pelo FII;Oliveira Trust;Março de 1992 - Data atual;Diretor Presidente;Distribuidora de Títulos e Valores Mobiliários
11.728.688/0001-47;2016-12-31;4;Bruno Laskowsky;Diretor Responsável pelo FII;Viver/Inpar Incorporadora e Construtora S.A;Outubro/2012 a Junho/2016;CEO;Incorporadora e Construtora
11.728.688/0001-47;2016-12-31;4;Bruno Laskowsky;Diretor Responsável pelo FII;Boston Consulting Group;Julho/2016 a Dezembro/2016;Senior Advisor;Consultoria
11.728.688/0001-47;2016-12-31;4;Bruno Laskowsky;Diretor Responsável pelo FII;Credit Suisse Hedging-Griffo Corretora de Valores S.A.;Janeiro/2017 até a presente data;Managing Director - Real Estate;Instituição Financeira
11.839.593/0001-09;2016-12-31;1;José Alexandre Costa de Freitas;Diretor Responsável pelo FII;Oliveira Trust;Março/1992 - Data Atual;Diretor Presidente;Distribuidora de Títulos e Valores Mobiliários
12.093.377/0001-11;2016-12-01;1;Allan Hadid;Diretor Responsável pelo FII;Banco BTG Pactual S.A;De julho de 2014 até hoje;Ingressou como partner no Banco BTG Pactual S.A. na posição de COO (Chief Operations Officer) da área de Merchant Banking e, atualmente, ocupa o cargo de COO (Chief Operations Officer) da área de Global Asset Management;Atualmente, ocupa o cargo de COO (Chief Operations Officer) da área de Global Asset Management.
12.093.377/0001-11;2016-12-01;1;Allan Hadid;Diretor Responsável pelo FII;BRZ Investimentos;De junho de 2011 até junho de 2014;CEO (Chief Executive Officer);Atuou na área de gestão de recursos
12.323.955/0001-69;2016-12-01;1;Allan Hadid;Diretor Responsável pelo FII;BRZ Investimentos;De junho de 2011 até junho de 2014;CEO (Chief Executive Officer);Atuou na área de gestão de recursos
12.323.955/0001-69;2016-12-01;1;Allan Hadid;Diretor Responsável pelo FII;Banco BTG Pactual S.A;De julho de 2014 até hoje;Ingressou como partner no Banco BTG Pactual S.A. na posição de COO (Chief Operations Officer) da área de Merchant Banking e, atualmente, ocupa o cargo de COO (Chief Operations Officer) da área de Global Asset Management;Atualmente, ocupa o cargo de COO (Chief Operations Officer) da área de Global Asset Management.
12.323.987/0001-64;2016-12-01;1;Allan Hadid;Diretor Responsável pelo FII;BRZ Investimentos;De junho de 2011 até junho de 2014;CEO (Chief Executive Officer);Atuou na área de gestão de recursos
12.323.987/0001-64;2016-12-01;1;Allan Hadid;Diretor Responsável pelo FII;Banco BTG Pactual S.A;De julho de 2014 até hoje;Ingressou como partner no Banco BTG Pactual S.A. na posição de COO (Chief Operations Officer) da área de Merchant Banking e, atualmente, ocupa o cargo de COO (Chief Operations Officer) da área de Global Asset Management;Atualmente, ocupa o cargo de COO (Chief Operations Officer) da área de Global Asset Management.
12.324.242/0001-10;2016-12-01;1;Allan Hadid;Diretor Responsável pelo FII;BRZ Investimentos;De junho de 2011 até junho de 2014;CEO (Chief Executive Officer);Atuou na área de gestão de recursos
12.324.242/0001-10;2016-12-01;1;Allan Hadid;Diretor Responsável pelo FII;Banco BTG Pactual S.A;De julho de 2014 até hoje;Ingressou como partner no Banco BTG Pactual S.A. na posição de COO (Chief Operations Officer) da área de Merchant Banking e, atualmente, ocupa o cargo de COO (Chief Operations Officer) da área de Global Asset Management;Atualmente, ocupa o cargo de COO (Chief Operations Officer) da área de Global Asset Management.
12.358.507/0001-09;2016-12-01;2;Artur Martins de Figueiredo;Diretor Responsável pelo FII;Banco Bradesco S/A;2000/2001;Gerente de Underwriting;Realização de prospecção de operações, nas quais as empresas utilizam o mercado de capitais como fonte de recursos para suportar investimentos e/ou alongamento de outros financiamentos / empréstimos.  O trabalho consistia na prospecção propriamente dita, ou seja, visitas / reuniões com os potenciais emissores, bem como o acompanhamento do processo de registro da operação junto à CVM - Comissão de Valores Mobiliário e do procedimento de venda dos títulos ao mercado (basicamente investidores institucionais).
12.358.507/0001-09;2016-12-01;2;Artur Martins de Figueiredo;Diretor Responsável pelo FII;Grupo Planner;2001/ Atual;Diretor / Conselheiro;Responsável pela administração fiduciária de Fundos de Investimento
12.358.507/0001-09;2016-12-01;2;Artur Martins de Figueiredo;Diretor Responsável pelo FII;Planner Corretora de Valores S/A;1999/2000;Gerente;Coordenação da Área de Agente Fiduciário, realizando entre outras atividades, o acompanhamento diário dos preços unitários das debêntures, controle dos "covenants" financeiros constantes da escritura de emissão, bem como avaliação das providências a serem adotadas nas emissões que encontram-se inadimplentes.
12.358.507/0001-09;2016-12-01;2;Artur Martins de Figueiredo;Diretor Responsável pelo FII;Banco Bandeirantes de Investimentos S/A;1986/1999;Analista de Investimento;Realizava acompanhamento de empresas de capital aberto, bem como o mercado financeiro de um modo geral, objetivando a elaboração de relatórios diários para definição de estratégias na administração de recursos de terceiros.
12.659.641/0001-31;2016-12-01;1;PAULO ANDRE PORTO BILYK;Diretor Responsável pelo FII;Rio Bravo Investimentos;Últimos 5 anos;Chief Investment Officer;Investimentos Imobiliários
12.681.340/0001-04;2016-12-01;1;ROBERT JOHN VAN DIJK;Diretor Responsável pelo FII;VOTORANTIM ASSET MANAGEMENT DTVM LTDA.;29/04/2011 até o presente momento;Diretor Geral;Administração de fundos de investimento
12.804.013/0001-00;2016-12-01;1;EDE ANTONIO GASPERIN;Diretor Responsável pelo FII;CORRETORA GERAL DE VALORES E CÂMBIO LTDA.;Desde 01/06/1982;DIRETOR;CORRETORA DE VALORES E CÂMBIO
12.809.972/0001-00;2016-12-31;1;Luiz Guilherme da Costa Manso Moreira de Mendonça;Diretor Responsável pelo FII;Banco de Investimentos Credit Suisse (Brasil) S.A.;Março/2009 até a presente data(obs. período que assumiu o cargo atual. Funcionário da instituição desde 1992.);Chefe de Finanças das empresas do grupo Credit Suisse no Brasil, responsável pelos departamentos de Contabilidade, Impostos, Risco, Resultado Gerencial, Orçamento e Planejamento e Controladoria de Fundos;Instituição Financeira
12.834.763/0001-17;2016-12-31;1;Roberto Paolino;Diretor Responsável pelo FII;CITIBANK S.A.;Março de 2010 a Dez 2015;Head de negócios com Instituições Financeiras, Setor Publico e Ribeirão Preto; Responsável pelo negócio com o setor de Instituições Financeiras (incluindo bancos, fundos de pensão, seguradoras, Asset Managers, investidores  internacionais) e Setor Público do Citibank Brasil, gerenciando a equipe de relacionamento e limites de crédito do Citibank com tais instituições.  Senior Credit Officer - designação dada a pessoas com limites de aprovação de crédito no Citibank, com responsabilidade sobre o portfolio de crédito desembolsado a clientes e Receita da área baseada na venda de produtos e soluções financeiras de Mercados de Capitais, Serviços de Cash Management e produtos de tesouraria, dentre outros ao setor de clientes descrito acima. De Novembro de 2013 a Dezembro de 2015 foi também responsável pelos clientes Corporate da filial de Ribeirão Preto em espcial do setor sucro alcolerio com as respectivas aprovações de créditos e venda de produtos dos bancos
12.834.763/0001-17;2016-12-31;1;Roberto Paolino;Diretor Responsável pelo FII;CITIBANK DTVM;Jan 2016 - atual;Managing Director; Diretor Estatutário de Administração da Citibank DTVM, responsável pela gestão da área de administração e custódia de fundos de investimentos, com mais de R$ 100Bi de ativos,  conforme regulamentações da CVM Membro do Conselho da empresa Galgo S.A. Diretor estatutário do Citiprevi  - Fundo de Pensão do Citibank Brasil - desde 2008, com ativos de R$ 2Bi.  Diretor do instituto BRAIN desde 2013
12.887.506/0001-43;2016-12-01;1;FLAVIO EDUARDO ARAKAKI;Diretor Responsável pelo FII;Caixa Econômica Federal;10/06/2011 a 21/05/2013;Superintendente Nacional;Superintendência Nacional de Fundos de Investimento Especiais
12.887.506/0001-43;2016-12-01;1;FLAVIO EDUARDO ARAKAKI;Diretor Responsável pelo FII;Caixa Econômica Federal;26/07/2016 até o momento;Vice-Presidente Interino;Vice-Presidência de Gestão de Ativos de Terceiros
12.887.506/0001-43;2016-12-01;1;FLAVIO EDUARDO ARAKAKI;Diretor Responsável pelo FII;Caixa Econômica Federal;22/05/2013 a 25/07/2016;Diretor Executivo;Diretoria Executiva de Ativos de Terceiros
12.927.767/0001-40;2016-12-01;1;FLAVIO EDUARDO ARAKAKI;Diretor Responsável pelo FII;Caixa Econômica Federal;26/07/2016 até o momento;Vice-Presidente Interino;Vice-Presidência de Gestão de Ativos de Terceiros
12.927.767/0001-40;2016-12-01;1;FLAVIO EDUARDO ARAKAKI;Diretor Responsável pelo FII;Caixa Econômica Federal;22/05/2013 a 25/07/2016;Diretor Executivo;Diretoria Executiva de Ativos de Terceiros
12.927.767/0001-40;2016-12-01;1;FLAVIO EDUARDO ARAKAKI;Diretor Responsável pelo FII;Caixa Econômica Federal;10/06/2011 a 21/05/2013;Superintendente Nacional;Superintendência Nacional de Fundos de Investimento Especiais
12.948.291/0001-23;2016-12-01;1;PAULO ANDRE PORTO BILYK;Diretor Responsável pelo FII;Rio Bravo Investimentos;Últimos 5 anos;Chief Investment Officer;Investimentos Imobiliários
12.969.125/0001-03;2016-12-01;1;FLAVIO EDUARDO ARAKAKI;Diretor Responsável pelo FII;Caixa Econômica Federal;10/06/2011 a 21/05/2013;Superintendente Nacional;Superintendência Nacional de Fundos de Investimento Especiais
12.969.125/0001-03;2016-12-01;1;FLAVIO EDUARDO ARAKAKI;Diretor Responsável pelo FII;Caixa Econômica Federal;26/07/2016 até o momento;Vice-Presidente Interino;Vice-Presidência de Gestão de Ativos de Terceiros
12.969.125/0001-03;2016-12-01;1;FLAVIO EDUARDO ARAKAKI;Diretor Responsável pelo FII;Caixa Econômica Federal;22/05/2013 a 25/07/2016;Diretor Executivo;Diretoria Executiva de Ativos de Terceiros
12.989.974/0001-29;2016-12-01;1;FLAVIO EDUARDO ARAKAKI;Diretor Responsável pelo FII;Caixa Econômica Federal;10/06/2011 a 21/05/2013;Superintendente Nacional;Superintendência Nacional de Fundos de Investimento Especiais
12.989.974/0001-29;2016-12-01;1;FLAVIO EDUARDO ARAKAKI;Diretor Responsável pelo FII;Caixa Econômica Federal;26/07/2016 até o momento;Vice-Presidente Interino;Vice-Presidência de Gestão de Ativos de Terceiros
12.989.974/0001-29;2016-12-01;1;FLAVIO EDUARDO ARAKAKI;Diretor Responsável pelo FII;Caixa Econômica Federal;22/05/2013 a 25/07/2016;Diretor Executivo;Diretoria Executiva de Ativos de Terceiros
13.020.465/0001-56;2016-12-01;1;FLAVIO EDUARDO ARAKAKI;Diretor Responsável pelo FII;Caixa Econômica Federal;26/07/2016 até o momento;Vice-Presidente Interino;Vice-Presidência de Gestão de Ativos de Terceiros
13.020.465/0001-56;2016-12-01;1;FLAVIO EDUARDO ARAKAKI;Diretor Responsável pelo FII;Caixa Econômica Federal;22/05/2013 a 25/07/2016;Diretor Executivo;Diretoria Executiva de Ativos de Terceiros
13.020.465/0001-56;2016-12-01;1;FLAVIO EDUARDO ARAKAKI;Diretor Responsável pelo FII;Caixa Econômica Federal;10/06/2011 a 21/05/2013;Superintendente Nacional;Superintendência Nacional de Fundos de Investimento Especiais
13.022.993/0001-44;2016-12-01;1;Allan Hadid;Diretor Responsável pelo FII;Banco BTG Pactual S.A;De julho de 2014 até hoje;Ingressou como partner no Banco BTG Pactual S.A. na posição de COO (Chief Operations Officer) da área de Merchant Banking e, atualmente, ocupa o cargo de COO (Chief Operations Officer) da área de Global Asset Management;Atualmente, ocupa o cargo de COO (Chief Operations Officer) da área de Global Asset Management.
13.022.993/0001-44;2016-12-01;1;Allan Hadid;Diretor Responsável pelo FII;BRZ Investimentos;De junho de 2011 até junho de 2014;CEO (Chief Executive Officer);Atuou na área de gestão de recursos
13.022.994/0001-99;2016-12-01;1;PAULO ANDRE PORTO BILYK;Diretor Responsável pelo FII;Rio Bravo Investimentos;Últimos 5 anos;Chief Investment Officer;Investimentos Imobiliários
13.320.290/0001-00;2016-12-01;1;Robert John Van Dijk;Diretor Responsável pelo FII;VOTORANTIM ASSET MANAGEMENT DTVM LTDA.;29/04/2011 até o presente momento;Diretor Geral;Administração de fundos de investimento
13.371.132/0001-71;2016-12-29;2;LUIZ FABIANO GOMES GODOI;Diretor Responsável pelo FII;BANCO J SAFRA  S/A;Desde Junho de 2008;Diretor;Bco de Inv atuante no merc de capitais e gestão de fundos
13.464.208/0001-03;2016-12-01;1;José Alexandre Costa de Freitas;Diretor Responsável pelo FII;Oliveira Trust;Março/1992 - Data Atual;Diretor Presidente;Distribuidora de Títulos e Valores Mobiliários
13.500.306/0001-59;2016-12-01;2;PAULO ANDRE PORTO BILYK;Diretor Responsável pelo FII;Rio Bravo Investimentos;Últimos 5 anos;Chief Investment Officer;Investimentos Imobiliários
13.551.286/0001-45;2016-12-01;1;Allan Hadid;Diretor Responsável pelo FII;Banco BTG Pactual S.A;De julho de 2014 até hoje;Ingressou como partner no Banco BTG Pactual S.A. na posição de COO (Chief Operations Officer) da área de Merchant Banking e, atualmente, ocupa o cargo de COO (Chief Operations Officer) da área de Global Asset Management;Atualmente, ocupa o cargo de COO (Chief Operations Officer) da área de Global Asset Management.
13.551.286/0001-45;2016-12-01;1;Allan Hadid;Diretor Responsável pelo FII;BRZ Investimentos;De junho de 2011 até junho de 2014;CEO (Chief Executive Officer);Atuou na área de gestão de recursos
13.584.584/0001-31;2016-12-01;1;Artur Martins de Figueiredo;Diretor Responsável pelo FII;Banco Bradesco S/A;2000/2001;Gerente de Underwriting;Realização de prospecção de operações, nas quais as empresas utilizam o mercado de capitais como fonte de recursos para suportar investimentos e/ou alongamento de outros financiamentos / empréstimos.  O trabalho consistia na prospecção propriamente dita, ou seja, visitas / reuniões com os potenciais emissores, bem como o acompanhamento do processo de registro da operação junto à CVM - Comissão de Valores Mobiliário e do procedimento de venda dos títulos ao mercado (basicamente investidores institucionais).
13.584.584/0001-31;2016-12-01;1;Artur Martins de Figueiredo;Diretor Responsável pelo FII;Planner Corretora de Valores S/A;1999/2000;Gerente;Coordenação da Área de Agente Fiduciário, realizando entre outras atividades, o acompanhamento diário dos preços unitários das debêntures, controle dos "covenants" financeiros constantes da escritura de emissão, bem como avaliação das providências a serem adotadas nas emissões que encontram-se inadimplentes.
13.584.584/0001-31;2016-12-01;1;Artur Martins de Figueiredo;Diretor Responsável pelo FII;Banco Bandeirantes de Investimentos S/A;1986/1999;Analista de Investimento;Realizava acompanhamento de empresas de capital aberto, bem como o mercado financeiro de um modo geral, objetivando a elaboração de relatórios diários para definição de estratégias na administração de recursos de terceiros.
13.584.584/0001-31;2016-12-01;1;Artur Martins de Figueiredo;Diretor Responsável pelo FII;Grupo Planner;2001/ Atual;Diretor / Conselheiro;Responsável pela administração fiduciária de Fundos de Investimento
13.652.006/0001-95;2016-12-31;1;José Alexandre Costa de Freitas;Diretor Responsável pelo FII;Oliveira Trust;Março/1992 - Data Atual;Diretor Presidente;Distribuidopra de Títulos e Valores Mobiliários
13.726.079/0001-84;2016-12-01;1;Daniel Doll Lemos;Diretor Responsável pelo FII;SOCOPA - Sociedade Corretora Paulista S.A.;Atual;Diretor de Administração de Fundos de Investimentos;Atuação no mercado financeiro e de capitais e no mercado cambial intermediando a negociação de títulos e valores mobiliários entre investidores e tomadores de recursos, e oferecendo serviços como plataformas de investimento pela internet (home broker), clubes de investimentos, financiamento para compra de ações (conta margem) e administração e custódia de títulos e valores mobiliários dos clientes.
13.842.683/0001-76;2016-12-01;1;Artur Martins de Figueiredo;Diretor Responsável pelo FII;Banco Bandeirantes de Investimentos S/A;1986/1999;Analista de Investimento;Realizava acompanhamento de empresas de capital aberto, bem como o mercado financeiro de um modo geral, objetivando a elaboração de relatórios diários para definição de estratégias na administração de recursos de terceiros.
13.842.683/0001-76;2016-12-01;1;Artur Martins de Figueiredo;Diretor Responsável pelo FII;Grupo Planner;2001/ Atual;Diretor / Conselheiro;Responsável pela administração fiduciária de Fundos de Investimento
13.842.683/0001-76;2016-12-01;1;Artur Martins de Figueiredo;Diretor Responsável pelo FII;Banco Bradesco S/A;2000/2001;Gerente de Underwriting;Realização de prospecção de operações, nas quais as empresas utilizam o mercado de capitais como fonte de recursos para suportar investimentos e/ou alongamento de outros financiamentos / empréstimos.  O trabalho consistia na prospecção propriamente dita, ou seja, visitas / reuniões com os potenciais emissores, bem como o acompanhamento do processo de registro da operação junto à CVM - Comissão de Valores Mobiliário e do procedimento de venda dos títulos ao mercado (basicamente investidores institucionais).
13.842.683/0001-76;2016-12-01;1;Artur Martins de Figueiredo;Diretor Responsável pelo FII;Planner Corretora de Valores S/A;1999/2000;Gerente;Coordenação da Área de Agente Fiduciário, realizando entre outras atividades, o acompanhamento diário dos preços unitários das debêntures, controle dos "covenants" financeiros constantes da escritura de emissão, bem como avaliação das providências a serem adotadas nas emissões que encontram-se inadimplentes.
13.873.457/0001-52;2016-12-31;1;PAULO ANDRE PORTO BILYK;Diretor Responsável pelo FII;Rio Bravo Investimentos;Últimos 5 anos;Chief Investment Officer;Investimentos Imobiliários
13.966.653/0001-71;2016-12-01;1;Allan Hadid;Diretor Responsável pelo FII;Banco BTG Pactual S.A;De julho de 2014 até hoje;Ingressou como partner no Banco BTG Pactual S.A. na posição de COO (Chief Operations Officer) da área de Merchant Banking e, atualmente, ocupa o cargo de COO (Chief Operations Officer) da área de Global Asset Management;Atualmente, ocupa o cargo de COO (Chief Operations Officer) da área de Global Asset Management.
13.966.653/0001-71;2016-12-01;1;Allan Hadid;Diretor Responsável pelo FII;BRZ Investimentos;De junho de 2011 até junho de 2014;CEO (Chief Executive Officer);Atuou na área de gestão de recursos
14.088.246/0001-71;2016-12-01;1;Artur Martins de Figueiredo;Diretor Responsável pelo FII;Banco Bradesco S/A;2000/2001;Gerente de Underwriting;Realização de prospecção de operações, nas quais as empresas utilizam o mercado de capitais como fonte de recursos para suportar investimentos e/ou alongamento de outros financiamentos / empréstimos.  O trabalho consistia na prospecção propriamente dita, ou seja, visitas / reuniões com os potenciais emissores, bem como o acompanhamento do processo de registro da operação junto à CVM - Comissão de Valores Mobiliário e do procedimento de venda dos títulos ao mercado (basicamente investidores institucionais).
14.088.246/0001-71;2016-12-01;1;Artur Martins de Figueiredo;Diretor Responsável pelo FII;Banco Bandeirantes de Investimentos S/A;1986/1999;Analista de Investimento;Realizava acompanhamento de empresas de capital aberto, bem como o mercado financeiro de um modo geral, objetivando a elaboração de relatórios diários para definição de estratégias na administração de recursos de terceiros.
14.088.246/0001-71;2016-12-01;1;Artur Martins de Figueiredo;Diretor Responsável pelo FII;Planner Corretora de Valores S/A;1999/2000;Gerente;Coordenação da Área de Agente Fiduciário, realizando entre outras atividades, o acompanhamento diário dos preços unitários das debêntures, controle dos "covenants" financeiros constantes da escritura de emissão, bem como avaliação das providências a serem adotadas nas emissões que encontram-se inadimplentes.
14.088.246/0001-71;2016-12-01;1;Artur Martins de Figueiredo;Diretor Responsável pelo FII;Grupo Planner;2001/ Atual;Diretor / Conselheiro;Responsável pela administração fiduciária de Fundos de Investimento
14.217.108/0001-45;2016-12-31;1;Fernando Ferreira da Silva Telles;Diretor Responsável pelo FII;Coinvalores C.C.V.M. Ltda.;24/06/1996;Diretor;Sociedade Corretora
14.365.190/0001-55;2016-12-01;1;José Alexandre Costa de Freitas;Diretor Responsável pelo FII;Oliveira Trust;Março/1992 - Data Atual;Diretor Presidente;Distribuidora de Títulos e Valores Mobiliários
14.376.247/0001-11;2016-12-01;1;Allan Hadid;Diretor Responsável pelo FII;Banco BTG Pactual S.A;De julho de 2014 até hoje;Ingressou como partner no Banco BTG Pactual S.A. na posição de COO (Chief Operations Officer) da área de Merchant Banking e, atualmente, ocupa o cargo de COO (Chief Operations Officer) da área de Global Asset Management;Atualmente, ocupa o cargo de COO (Chief Operations Officer) da área de Global Asset Management.
14.376.247/0001-11;2016-12-01;1;Allan Hadid;Diretor Responsável pelo FII;BRZ Investimentos;De junho de 2011 até junho de 2014;CEO (Chief Executive Officer);Atuou na área de gestão de recursos
14.422.044/0001-14;2016-12-01;1;Robert John Van Dijk;Diretor Responsável pelo FII;VOTORANTIM ASSET MANAGEMENT DTVM LTDA.;29/04/2011 até o presente momento;Diretor Geral;Administração de fundos de investimento
14.609.653/0001-87;2016-12-01;1;Artur Martins de Figueiredo;Diretor Responsável pelo FII;Planner Corretora de Valores S/A;1999/2000;Gerente;Coordenação da Área de Agente Fiduciário, realizando entre outras atividades, o acompanhamento diário dos preços unitários das debêntures, controle dos "covenants" financeiros constantes da escritura de emissão, bem como avaliação das providências a serem adotadas nas emissões que encontram-se inadimplentes.
14.609.653/0001-87;2016-12-01;1;Artur Martins de Figueiredo;Diretor Responsável pelo FII;Banco Bradesco S/A;2000/2001;Gerente de Underwriting;Realização de prospecção de operações, nas quais as empresas utilizam o mercado de capitais como fonte de recursos para suportar investimentos e/ou alongamento de outros financiamentos / empréstimos.  O trabalho consistia na prospecção propriamente dita, ou seja, visitas / reuniões com os potenciais emissores, bem como o acompanhamento do processo de registro da operação junto à CVM - Comissão de Valores Mobiliário e do procedimento de venda dos títulos ao mercado (basicamente investidores institucionais).
14.609.653/0001-87;2016-12-01;1;Artur Martins de Figueiredo;Diretor Responsável pelo FII;Grupo Planner;2001/ Atual;Diretor / Conselheiro;Responsável pela administração fiduciária de Fundos de Investimento
14.609.653/0001-87;2016-12-01;1;Artur Martins de Figueiredo;Diretor Responsável pelo FII;Banco Bandeirantes de Investimentos S/A;1986/1999;Analista de Investimento;Realizava acompanhamento de empresas de capital aberto, bem como o mercado financeiro de um modo geral, objetivando a elaboração de relatórios diários para definição de estratégias na administração de recursos de terceiros.
14.665.312/0001-29;2016-12-01;1;JOSE ALEXANDRE COSTA DE FREITAS;Diretor Responsável pelo FII;Oliveira Trust;Março de 1992 - Data atual;Diretor Presidente;Distribuidora de Títulos e Valores Mobiliários
14.721.889/0001-00;2016-12-01;1;Robert John Van Dijk;Diretor Responsável pelo FII;VOTORANTIM ASSET MANAGEMENT DTVM LTDA.;29/04/2011 até o presente momento;Diretor Geral;Administração de fundos de investimento
14.733.211/0001-48;2016-12-31;1;HORACIO MARIO KLEINMAN;Diretor Responsável pelo FII;UNITAS CONSULTORIA E EMPREENDIMENTOS LTDA.;1991 até a presente data;Diretor Executivo;Consultoria Imobiliária, Estruturação e Desenvolvimento de Empreendimentos Imobiliária.
14.733.211/0001-48;2016-12-31;1;HORACIO MARIO KLEINMAN;Diretor Responsável pelo FII;BR-CAPITAL D.T.V.M. S.A.;1991 até a presente data;Diretor Executivo;Distribuidora de Títulos e Valores Mobiliários
14.788.458/0001-61;2016-12-01;1;Allan Hadid;Diretor Responsável pelo FII;BRZ Investimentos;De junho de 2011 até junho de 2014;CEO (Chief Executive Officer);Atuou na área de gestão de recursos
14.788.458/0001-61;2016-12-01;1;Allan Hadid;Diretor Responsável pelo FII;Banco BTG Pactual S.A;De julho de 2014 até hoje;Ingressou como partner no Banco BTG Pactual S.A. na posição de COO (Chief Operations Officer) da área de Merchant Banking e, atualmente, ocupa o cargo de COO (Chief Operations Officer) da área de Global Asset Management;Atualmente, ocupa o cargo de COO (Chief Operations Officer) da área de Global Asset Management.
14.788.492/0001-36;2016-12-01;1;Allan Hadid;Diretor Responsável pelo FII;Banco BTG Pactual S.A;De julho de 2014 até hoje;Ingressou como partner no Banco BTG Pactual S.A. na posição de COO (Chief Operations Officer) da área de Merchant Banking e, atualmente, ocupa o cargo de COO (Chief Operations Officer) da área de Global Asset Management;Atualmente, ocupa o cargo de COO (Chief Operations Officer) da área de Global Asset Management.
14.788.492/0001-36;2016-12-01;1;Allan Hadid;Diretor Responsável pelo FII;BRZ Investimentos;De junho de 2011 até junho de 2014;CEO (Chief Executive Officer);Atuou na área de gestão de recursos
14.793.782/0001-78;2016-12-01;2;Carlos José da Costa André;Diretor Responsável pelo FII;BB DTVM Gestão de Recursos S.A.;Desde 07/2009;Diretor Executivo de Gestão de Ativos;Administração de recursos de terceiros
14.879.856/0001-93;2016-12-01;1;Allan Hadid;Diretor Responsável pelo FII;Banco BTG Pactual S.A;De julho de 2014 até hoje;Ingressou como partner no Banco BTG Pactual S.A. na posição de COO (Chief Operations Officer) da área de Merchant Banking e, atualmente, ocupa o cargo de COO (Chief Operations Officer) da área de Global Asset Management;Atualmente, ocupa o cargo de COO (Chief Operations Officer) da área de Global Asset Management.
14.879.856/0001-93;2016-12-01;1;Allan Hadid;Diretor Responsável pelo FII;BRZ Investimentos;De junho de 2011 até junho de 2014;CEO (Chief Executive Officer);Atuou na área de gestão de recursos
15.006.267/0001-63;2016-12-01;1;Allan Hadid;Diretor Responsável pelo FII;Banco BTG Pactual S.A;De julho de 2014 até hoje;Ingressou como partner no Banco BTG Pactual S.A. na posição de COO (Chief Operations Officer) da área de Merchant Banking e, atualmente, ocupa o cargo de COO (Chief Operations Officer) da área de Global Asset Management;Atualmente, ocupa o cargo de COO (Chief Operations Officer) da área de Global Asset Management.
15.006.267/0001-63;2016-12-01;1;Allan Hadid;Diretor Responsável pelo FII;BRZ Investimentos;De junho de 2011 até junho de 2014;CEO (Chief Executive Officer);Atuou na área de gestão de recursos
15.006.286/0001-90;2016-12-01;1;PAULO ANDRE PORTO BILYK;Diretor Responsável pelo FII;Rio Bravo Investimentos;Últimos 5 anos;Chief Investment Officer;Investimentos Imobiliários
15.098.422/0001-19;2016-12-01;1;Robert John Van Dijk;Diretor Responsável pelo FII;VOTORANTIM ASSET MANAGEMENT DTVM LTDA.;29/04/2011 até o presente momento;Diretor Geral;Administração de fundos de investimento
15.254.249/0001-09;2016-12-01;1;FLAVIO EDUARDO ARAKAKI;Diretor Responsável pelo FII;Caixa Econômica Federal;10/06/2011 a 21/05/2013;Superintendente Nacional;Superintendência Nacional de Fundos de Investimento Especiais
15.254.249/0001-09;2016-12-01;1;FLAVIO EDUARDO ARAKAKI;Diretor Responsável pelo FII;Caixa Econômica Federal;26/07/2016 até o momento;Vice-Presidente Interino;Vice-Presidência de Gestão de Ativos de Terceiros
15.254.249/0001-09;2016-12-01;1;FLAVIO EDUARDO ARAKAKI;Diretor Responsável pelo FII;Caixa Econômica Federal;22/05/2013 a 25/07/2016;Diretor Executivo;Diretoria Executiva de Ativos de Terceiros
15.296.696/0001-12;2016-12-31;1;José Alexandre Costa de Freitas;Diretor Responsável pelo FII;Oliveira Trust;Março/1992 - Data Atual;Diretor Presidente;Distribuidopra de Títulos e Valores Mobiliários
15.333.306/0001-37;2016-12-01;1;Allan Hadid;Diretor Responsável pelo FII;Banco BTG Pactual S.A;De julho de 2014 até hoje;Ingressou como partner no Banco BTG Pactual S.A. na posição de COO (Chief Operations Officer) da área de Merchant Banking e, atualmente, ocupa o cargo de COO (Chief Operations Officer) da área de Global Asset Management;Atualmente, ocupa o cargo de COO (Chief Operations Officer) da área de Global Asset Management.
15.333.306/0001-37;2016-12-01;1;Allan Hadid;Diretor Responsável pelo FII;BRZ Investimentos;De junho de 2011 até junho de 2014;CEO (Chief Executive Officer);Atuou na área de gestão de recursos
15.394.563/0001-89;2016-12-01;1;Robert John Van Dijk;Diretor Responsável pelo FII;VOTORANTIM ASSET MANAGEMENT DTVM LTDA.;29/04/2011 até o presente momento;Diretor Geral;Administração de fundos de investimento
15.461.076/0001-91;2016-12-01;1;Nelson Medaber;Diretor Responsável pelo FII;Elite CCVM Ltda;2002;Diretor de gerenciamento de riscos;Diretoria
15.461.076/0001-91;2016-12-01;1;Nelson Medaber;Diretor Responsável pelo FII;Elite CCVM Ltda;2005;Diretor responsável RDR;Diretoria
15.461.076/0001-91;2016-12-01;1;Nelson Medaber;Diretor Responsável pelo FII;Elite CCVM Ltda;atual;Diretor de Recursos de Terceiros;Diretoria
15.461.076/0001-91;2016-12-01;1;Nelson Medaber;Diretor Responsável pelo FII;Elite CCVM Ltda;2004;Diretor de Operações em Bolsa;Diretoria
15.538.445/0001-05;2016-12-01;2;Eduardo Alvares Moreira;Diretor Responsável pelo FII;Geração Futuro CTVM;11/2014 até o momento;Senior Partner;Diretor responsavel
15.538.445/0001-05;2016-12-01;2;Eduardo Alvares Moreira;Diretor Responsável pelo FII;Grupo Brasil Plural;10/2009 á 10/2014;Senior Partner;Responsável pela estruturação das áreas de Wealth Management
15.570.431/0001-60;2016-12-31;1;José Alexandre Costa de Freitas;Diretor Responsável pelo FII;Oliveira Trust;Março/1992 - Data Atual;Diretor Presidente;Distribuidora de Títulos e Valores Mobiliários
15.576.907/0001-70;2016-12-01;1;PAULO ANDRE PORTO BILYK;Diretor Responsável pelo FII;Rio Bravo Investimentos;Últimos 5 anos;Chief Investment Officer;Investimentos Imobiliários
15.769.670/0001-44;2016-12-01;1;PAULO ANDRE PORTO BILYK;Diretor Responsável pelo FII;Rio Bravo Investimentos;Últimos 5 anos;Chief Investment Officer;Investimentos Imobiliários
15.799.397/0001-09;2016-12-01;1;Allan Hadid;Diretor Responsável pelo FII;BRZ Investimentos;De junho de 2011 até junho de 2014;CEO (Chief Executive Officer);Atuou na área de gestão de recursos
15.799.397/0001-09;2016-12-01;1;Allan Hadid;Diretor Responsável pelo FII;Banco BTG Pactual S.A;De julho de 2014 até hoje;Ingressou como partner no Banco BTG Pactual S.A. na posição de COO (Chief Operations Officer) da área de Merchant Banking e, atualmente, ocupa o cargo de COO (Chief Operations Officer) da área de Global Asset Management;Atualmente, ocupa o cargo de COO (Chief Operations Officer) da área de Global Asset Management.
16.671.412/0001-93;2016-12-01;1;PAULO ANDRE PORTO BILYK;Diretor Responsável pelo FII;Rio Bravo Investimentos;Últimos 5 anos;Chief Investment Officer;Investimentos Imobiliários
16.802.320/0001-03;2016-12-01;1;PAULO ANDRE PORTO BILYK;Diretor Responsável pelo FII;Rio Bravo Investimentos;Últimos 5 anos;Chief Investment Officer;Investimentos Imobiliários
16.841.067/0001-99;2016-12-01;1;Daniel Doll Lemos;Diretor Responsável pelo FII;SOCOPA - Sociedade Corretora Paulista S.A.;Desde Maio/2000;(i) Diretor de Administração de Fundos(ii) Diretor de Distribuição e Suitability;Atuação no mercado financeiro e de capitais e no mercado cambial intermediando a negociação de títulos e valores mobiliários entre investidores e tomadores de recursos, e oferecendo serviços como plataformas de investimento pela internet (home broker), clubes de investimentos, financiamento para compra de ações (conta margem) e administração e custódia de títulos e valores mobiliários dos clientes.
16.875.388/0001-04;2016-12-31;1;Luiz Guilherme da Costa Manso Moreira de Mendonça;Diretor Responsável pelo FII;Banco de Investimentos Credit Suisse (Brasil) S.A.;Março/2009 até a presente data(obs. período que assumiu o cargo atual. Funcionário da instituição desde 1992.);Chefe de Finanças das empresas do grupo Credit Suisse no Brasil, responsável pelos departamentos de Contabilidade, Impostos, Risco, Resultado Gerencial, Orçamento e Planejamento e Controladoria de Fundos;Instituição Financeira
16.915.840/0001-14;2016-12-01;1;PAULO ANDRE PORTO BILYK;Diretor Responsável pelo FII;Rio Bravo Investimentos;Últimos 5 anos;Chief Investment Officer;Investimentos Imobiliários
16.915.868/0001-51;2016-12-01;1;FLAVIO EDUARDO ARAKAKI;Diretor Responsável pelo FII;Caixa Econômica Federal;26/07/2016 até o momento;Vice-Presidente Interino;Vice-Presidência de Gestão de Ativos de Terceiros
16.915.868/0001-51;2016-12-01;1;FLAVIO EDUARDO ARAKAKI;Diretor Responsável pelo FII;Caixa Econômica Federal;10/06/2011 a 21/05/2013;Superintendente Nacional;Superintendência Nacional de Fundos de Investimento Especiais
16.915.868/0001-51;2016-12-01;1;FLAVIO EDUARDO ARAKAKI;Diretor Responsável pelo FII;Caixa Econômica Federal;22/05/2013 a 25/07/2016;Diretor Executivo;Diretoria Executiva de Ativos de Terceiros
16.915.968/0001-88;2016-12-01;1;Artur Martins de Figueiredo;Diretor Responsável pelo FII;Banco Bandeirantes de Investimentos S/A;1986/1999;Analista de Investimento;Realizava acompanhamento de empresas de capital aberto, bem como o mercado financeiro de um modo geral, objetivando a elaboração de relatórios diários para definição de estratégias na administração de recursos de terceiros.
16.915.968/0001-88;2016-12-01;1;Artur Martins de Figueiredo;Diretor Responsável pelo FII;Banco Bradesco S/A;2000/2001;Gerente de Underwriting;Realização de prospecção de operações, nas quais as empresas utilizam o mercado de capitais como fonte de recursos para suportar investimentos e/ou alongamento de outros financiamentos / empréstimos.  O trabalho consistia na prospecção propriamente dita, ou seja, visitas / reuniões com os potenciais emissores, bem como o acompanhamento do processo de registro da operação junto à CVM - Comissão de Valores Mobiliário e do procedimento de venda dos títulos ao mercado (basicamente investidores institucionais).
16.915.968/0001-88;2016-12-01;1;Artur Martins de Figueiredo;Diretor Responsável pelo FII;Planner Corretora de Valores S/A;1999/2000;Gerente;Coordenação da Área de Agente Fiduciário, realizando entre outras atividades, o acompanhamento diário dos preços unitários das debêntures, controle dos "covenants" financeiros constantes da escritura de emissão, bem como avaliação das providências a serem adotadas nas emissões que encontram-se inadimplentes.
16.915.968/0001-88;2016-12-01;1;Artur Martins de Figueiredo;Diretor Responsável pelo FII;Grupo Planner;2001/ Atual;Diretor / Conselheiro;Responsável pela administração fiduciária de Fundos de Investimento
16.924.913/0001-34;2016-12-01;1;Eduardo Alvares Moreira;Diretor Responsável pelo FII;Grupo Brasil Plural;10/2009 á 10/2014;Senior Partner;Responsável pela estruturação das áreas de Wealth Management
16.924.913/0001-34;2016-12-01;1;Eduardo Alvares Moreira;Diretor Responsável pelo FII;Geração Futuro CTVM;11/2014 até o momento;Senior Partner;Diretor responsavel
17.025.970/0001-44;2016-12-01;1;Eduardo Alvares Moreira;Diretor Responsável pelo FII;Geração Futuro CTVM;11/2014 até o momento;Senior Partner;Diretor responsavel
17.025.970/0001-44;2016-12-01;1;Eduardo Alvares Moreira;Diretor Responsável pelo FII;Grupo Brasil Plural;10/2009 á 10/2014;Senior Partner;Responsável pela estruturação das áreas de Wealth Management
17.098.794/0001-70;2016-12-01;1;FLAVIO EDUARDO ARAKAKI;Diretor Responsável pelo FII;Caixa Econômica Federal;10/06/2011 a 21/05/2013;Superintendente Nacional;
17.098.794/0001-70;2016-12-01;1;FLAVIO EDUARDO ARAKAKI;Diretor Responsável pelo FII;Caixa Econômica Federal;26/07/2016 até o momento;Vice-Presidente Interino;
17.098.794/0001-70;2016-12-01;1;FLAVIO EDUARDO ARAKAKI;Diretor Responsável pelo FII;Caixa Econômica Federal;22/05/2013 a 25/07/2016;Diretor Executivo;
17.143.998/0001-86;2016-12-31;1;Luiz Guilherme da Costa Manso Moreira de Mendonça;Diretor Responsável pelo FII;Banco de Investimentos Credit Suisse (Brasil) S.A.;Março/2009 até a presente data(obs. período que assumiu o cargo atual. Funcionário da instituição desde 1992.);Chefe de Finanças das empresas do grupo Credit Suisse no Brasil, responsável pelos departamentos de Contabilidade, Impostos, Risco, Resultado Gerencial, Orçamento e Planejamento e Controladoria de Fundos;Instituição Financeira
17.144.039/0001-85;2016-12-31;1;Luiz Guilherme da Costa Manso Moreira de Mendonça;Diretor Responsável pelo FII;Banco de Investimentos Credit Suisse (Brasil) S.A.;Março/2009 até a presente data(obs. período que assumiu o cargo atual. Funcionário da instituição desde 1992.);Chefe de Finanças das empresas do grupo Credit Suisse no Brasil, responsável pelos departamentos de Contabilidade, Impostos, Risco, Resultado Gerencial, Orçamento e Planejamento e Controladoria de Fundos;Instituição Financeira
17.156.502/0001-09;2016-12-01;1;José Alexandre Costa de Freitas;Diretor Responsável pelo FII;Oliveira Trust;Março/1992 - Data Atual;Diretor Presidente;Distribuidora de Títulos e Valores Mobiliários
17.161.979/0001-82;2016-12-31;1;HORACIO MARIO KLEINMAN;Diretor Responsável pelo FII;BR-CAPITAL D.T.V.M. S.A.;1991 até a presente data;Diretor Executivo;Distribuidora de Títulos e Valores Mobiliários
17.161.979/0001-82;2016-12-31;1;HORACIO MARIO KLEINMAN;Diretor Responsável pelo FII;UNITAS CONSULTORIA E EMPREENDIMENTOS LTDA.;1991 até a presente data;Diretor Executivo;Consultoria Imobiliária, Estruturação e Desenvolvimento de Empreendimentos Imobiliária.
17.198.500/0001-82;2016-12-30;2;CARLOS AUGUSTO SALAMONDE;Diretor Responsável pelo FII;Banco JP Morgan;2011-2013;Asset Management - CEO, Investment Management Brasil, Managing Director;Responsável pelo negocio de Asset Management no Brasil
17.198.500/0001-82;2016-12-30;2;CARLOS AUGUSTO SALAMONDE;Diretor Responsável pelo FII;Banco Itaú Unibanco;2008-2011;Asset Servicing - Head Brasil e América Latina, Diretor Vice-Presidente;Responsável pelo negocio de Asset Servicing no Brasil e América Latina
17.198.500/0001-82;2016-12-30;2;CARLOS AUGUSTO SALAMONDE;Diretor Responsável pelo FII;BNY Mellon Serviços Financeiros DTVM;2013 -Atualmente;Asset Servicing - Head Brasil e América Latina, Diretor Vice-Presidente;Responsável pelo negocio de Asset Servicing no Brasil e América Latina
17.211.882/0001-37;2016-12-01;1;Artur Martins de Figueiredo;Diretor Responsável pelo FII;Banco Bradesco S/A;2000/2001;Gerente de Underwriting;Realização de prospecção de operações, nas quais as empresas utilizam o mercado de capitais como fonte de recursos para suportar investimentos e/ou alongamento de outros financiamentos / empréstimos.  O trabalho consistia na prospecção propriamente dita, ou seja, visitas / reuniões com os potenciais emissores, bem como o acompanhamento do processo de registro da operação junto à CVM - Comissão de Valores Mobiliário e do procedimento de venda dos títulos ao mercado (basicamente investidores institucionais).
17.211.882/0001-37;2016-12-01;1;Artur Martins de Figueiredo;Diretor Responsável pelo FII;Grupo Planner;2001/ Atual;Diretor / Conselheiro;Responsável pela administração fiduciária de Fundos de Investimento
17.211.882/0001-37;2016-12-01;1;Artur Martins de Figueiredo;Diretor Responsável pelo FII;Banco Bandeirantes de Investimentos S/A;1986/1999;Analista de Investimento;Realizava acompanhamento de empresas de capital aberto, bem como o mercado financeiro de um modo geral, objetivando a elaboração de relatórios diários para definição de estratégias na administração de recursos de terceiros.
17.211.882/0001-37;2016-12-01;1;Artur Martins de Figueiredo;Diretor Responsável pelo FII;Planner Corretora de Valores S/A;1999/2000;Gerente;Coordenação da Área de Agente Fiduciário, realizando entre outras atividades, o acompanhamento diário dos preços unitários das debêntures, controle dos "covenants" financeiros constantes da escritura de emissão, bem como avaliação das providências a serem adotadas nas emissões que encontram-se inadimplentes.
17.232.973/0001-59;2016-12-01;1;Allan Hadid;Diretor Responsável pelo FII;BRZ Investimentos;De junho de 2011 até junho de 2014;CEO (Chief Executive Officer);Atuou na área de gestão de recursos
17.232.973/0001-59;2016-12-01;1;Allan Hadid;Diretor Responsável pelo FII;Banco BTG Pactual S.A;De julho de 2014 até hoje;Ingressou como partner no Banco BTG Pactual S.A. na posição de COO (Chief Operations Officer) da área de Merchant Banking e, atualmente, ocupa o cargo de COO (Chief Operations Officer) da área de Global Asset Management;Atualmente, ocupa o cargo de COO (Chief Operations Officer) da área de Global Asset Management.
17.282.011/0001-04;2016-12-01;1;Allan Hadid;Diretor Responsável pelo FII;BRZ Investimentos;De junho de 2011 até junho de 2014;CEO (Chief Executive Officer);Atuou na área de gestão de recursos
17.282.011/0001-04;2016-12-01;1;Allan Hadid;Diretor Responsável pelo FII;Banco BTG Pactual S.A;De julho de 2014 até hoje;Ingressou como partner no Banco BTG Pactual S.A. na posição de COO (Chief Operations Officer) da área de Merchant Banking e, atualmente, ocupa o cargo de COO (Chief Operations Officer) da área de Global Asset Management;Atualmente, ocupa o cargo de COO (Chief Operations Officer) da área de Global Asset Management.
17.311.079/0001-74;2016-12-31;1;Andrea Moreira Lopes;Diretor Responsável pelo FII;Cypress Associates;AGOSTO DE 2012 A MARÇO DE 2015;Sócia Diretora;ASSESSORIA FINANCEIRA NO MERCADO DE CAPITAIS
17.311.079/0001-74;2016-12-31;1;Andrea Moreira Lopes;Diretor Responsável pelo FII;NSG Capital Administração de Recursos S/A;SETEMBRO DE 2007 A JANEIRO DE 2011;Diretora de Estruturação;ADMINISTRAÇÃO DE RECURSOS DE TERCEIROS
17.311.079/0001-74;2016-12-31;1;Andrea Moreira Lopes;Diretor Responsável pelo FII;Mercatto Gestão de Recursos;FEVEREIRO DE 2005 A JUNHO DE 2007;Responsável por Compliance;GESTÃO DE RECURSOS DE TERCEIROS
17.324.357/0001-28;2016-12-01;2;Eduardo Alvares Moreira;Diretor Responsável pelo FII;Geração Futuro CTVM;11/2014 até o momento;Senior Partner;Diretor responsavel
17.324.357/0001-28;2016-12-01;2;Eduardo Alvares Moreira;Diretor Responsável pelo FII;Grupo Brasil Plural;10/2009 á 10/2014;Senior Partner;Responsável pela estruturação das áreas de Wealth Management
17.329.029/0001-14;2016-12-01;1;PAULO VELLANI DE LIMA;Diretor Responsável pelo FII;BANCO FATOR S.A.;12/2015 - ATUAL;DIRETOR DE ORIGINAÇÃO E ESTRUTURAÇÃO;É responsável pelos atos necessários aofuncionamento regular da atividade de Administração Fiduciária.  (incluindo elaboração de Atos societários e Fiduciários dos fundos de investimento sob administração Fator).
17.329.029/0001-14;2016-12-01;1;PAULO VELLANI DE LIMA;Diretor Responsável pelo FII;FAR - FATOR ADMINISTRAÇÃO DE RECURSOS LTDA;01/2008 A 12/2015;GERENTE DE PROCESSOS DE OPERAÇÕES;Foi responsável pelo BackOffice da FAR - Fator Administração de Recursos, respondendo pelos procedimentos, rotinas operacionais e fluxos com prestadores de serviço relacionados aos fundos de investimento
17.329.029/0001-14;2016-12-01;1;PAULO VELLANI DE LIMA;Diretor Responsável pelo FII;FATOR S.A. CORRETORA DE VALORES;12/2015 - ATUAL;DIRETOR DE RECURSOS DE TERCEIROS;É responsável pelos atos necessários aofuncionamento regular da atividade de Administração Fiduciária
17.365.105/0001-47;2016-12-01;1;Allan Hadid;Diretor Responsável pelo FII;Banco BTG Pactual S.A;De julho de 2014 até hoje;Ingressou como partner no Banco BTG Pactual S.A. na posição de COO (Chief Operations Officer) da área de Merchant Banking e, atualmente, ocupa o cargo de COO (Chief Operations Officer) da área de Global Asset Management;Atualmente, ocupa o cargo de COO (Chief Operations Officer) da área de Global Asset Management.
17.365.105/0001-47;2016-12-01;1;Allan Hadid;Diretor Responsável pelo FII;BRZ Investimentos;De junho de 2011 até junho de 2014;CEO (Chief Executive Officer);Atuou na área de gestão de recursos
17.374.696/0001-19;2016-12-01;1;FLAVIO EDUARDO ARAKAKI;Diretor Responsável pelo FII;Caixa Econômica Federal;10/06/2011 a 21/05/2013;Superintendente Nacional;Superintendência Nacional de Fundos de Investimento Especiais
17.374.696/0001-19;2016-12-01;1;FLAVIO EDUARDO ARAKAKI;Diretor Responsável pelo FII;Caixa Econômica Federal;22/05/2013 a 25/07/2016;Diretor Executivo;Diretoria Executiva de Ativos de Terceiros
17.374.696/0001-19;2016-12-01;1;FLAVIO EDUARDO ARAKAKI;Diretor Responsável pelo FII;Caixa Econômica Federal;26/07/2016 até o momento;Vice-Presidente Interino;Vice-Presidência de Gestão de Ativos de Terceiros
17.590.518/0001-25;2016-12-01;1;Daniel Doll Lemos;Diretor Responsável pelo FII;SOCOPA - Sociedade Corretora Paulista S.A.;Desde Maio/2000;(i) Diretor de Administração de Fundos(ii) Diretor de Distribuição e Suitability;Atuação no mercado financeiro e de capitais e no mercado cambial intermediando a negociação de títulos e valores mobiliários entre investidores e tomadores de recursos, e oferecendo serviços como plataformas de investimento pela internet (home broker), clubes de investimentos, financiamento para compra de ações (conta margem) e administração e custódia de títulos e valores mobiliários dos clientes.
17.655.122/0001-19;2016-12-01;1;Artur Martins de Figueiredo;Diretor Responsável pelo FII;Planner Corretora de Valores S/A;1999/2000;Gerente;Coordenação da Área de Agente Fiduciário, realizando entre outras atividades, o acompanhamento diário dos preços unitários das debêntures, controle dos "covenants" financeiros constantes da escritura de emissão, bem como avaliação das providências a serem adotadas nas emissões que encontram-se inadimplentes.
17.655.122/0001-19;2016-12-01;1;Artur Martins de Figueiredo;Diretor Responsável pelo FII;Grupo Planner;2001/ Atual;Diretor / Conselheiro;Responsável pela administração fiduciária de Fundos de Investimento
17.655.122/0001-19;2016-12-01;1;Artur Martins de Figueiredo;Diretor Responsável pelo FII;Banco Bradesco S/A;2000/2001;Gerente de Underwriting;Realização de prospecção de operações, nas quais as empresas utilizam o mercado de capitais como fonte de recursos para suportar investimentos e/ou alongamento de outros financiamentos / empréstimos.  O trabalho consistia na prospecção propriamente dita, ou seja, visitas / reuniões com os potenciais emissores, bem como o acompanhamento do processo de registro da operação junto à CVM - Comissão de Valores Mobiliário e do procedimento de venda dos títulos ao mercado (basicamente investidores institucionais).
17.655.122/0001-19;2016-12-01;1;Artur Martins de Figueiredo;Diretor Responsável pelo FII;Banco Bandeirantes de Investimentos S/A;1986/1999;Analista de Investimento;Realizava acompanhamento de empresas de capital aberto, bem como o mercado financeiro de um modo geral, objetivando a elaboração de relatórios diários para definição de estratégias na administração de recursos de terceiros.
17.854.016/0001-64;2016-12-01;1;José Alexandre Costa de Freitas;Diretor Responsável pelo FII;Oliveira Trust;Março/1992 - Data Atual;Diretor Presidente;Distribuidora de Títulos e Valores Mobiliários
18.085.673/0001-57;2016-12-01;1;Allan Hadid;Diretor Responsável pelo FII;BRZ Investimentos;De junho de 2011 até junho de 2014;CEO (Chief Executive Officer);Atuou na área de gestão de recursos
18.085.673/0001-57;2016-12-01;1;Allan Hadid;Diretor Responsável pelo FII;Banco BTG Pactual S.A;De julho de 2014 até hoje;Ingressou como partner no Banco BTG Pactual S.A. na posição de COO (Chief Operations Officer) da área de Merchant Banking e, atualmente, ocupa o cargo de COO (Chief Operations Officer) da área de Global Asset Management;Atualmente, ocupa o cargo de COO (Chief Operations Officer) da área de Global Asset Management.
18.289.950/0001-43;2016-12-31;1;Gustavo Silva Brunetto;Diretor Responsável pelo FII;Solidus S/A CCVM;2012/2017;Diretor;Diretor de Riscos
18.308.516/0001-63;2016-12-01;2;Eduardo Alvares Moreira;Diretor Responsável pelo FII;Geração Futuro CTVM;11/2014 até o momento;Senior Partner;Diretor responsavel
18.308.516/0001-63;2016-12-01;2;Eduardo Alvares Moreira;Diretor Responsável pelo FII;Grupo Brasil Plural;10/2009 á 10/2014;Senior Partner;Responsável pela estruturação das áreas de Wealth Management
18.311.024/0001-27;2016-12-01;1;Eduardo Alvares Moreira;Diretor Responsável pelo FII;Geração Futuro CTVM;11/2014 até o momento;Senior Partner;Diretor responsavel
18.311.024/0001-27;2016-12-01;1;Eduardo Alvares Moreira;Diretor Responsável pelo FII;Grupo Brasil Plural;10/2009 á 10/2014;Senior Partner;Responsável pela estruturação das áreas de Wealth Management
18.330.535/0001-96;2016-12-01;1;André Bernardino da Cruz Filho;Diretor Responsável pelo FII;BANCO BRADESCO S/A;Atual;Diretor responsável pela administração dos Fundos de Investimento administrados pelo Banco Bradesco S.A. e pela BEM - Distribuidora de Títulos e Valores Mobiliários Ltda.;Instituição Financeira
18.497.672/0001-10;2016-12-01;1;José Alexandre Costa de Freitas;Diretor Responsável pelo FII;Oliveira Trust;Março de 1992 - Data atual;Diretor Presidente;Distribuidora de Títulos e Valores Mobiliários
18.979.895/0001-13;2016-12-01;1;CARLOS AUGUSTO SALAMONDE;Diretor Responsável pelo FII;BNY Mellon Serviços Financeiros DTVM;2013 -Atualmente;Asset Servicing - Head Brasil e América Latina, Diretor Vice-Presidente;Responsável pelo negocio de Asset Servicing no Brasil e América Latina
18.979.895/0001-13;2016-12-01;1;CARLOS AUGUSTO SALAMONDE;Diretor Responsável pelo FII;Banco Itaú Unibanco;2008-2011;Asset Servicing - Head Brasil e América Latina, Diretor Vice-Presidente;Responsável pelo negocio de Asset Servicing no Brasil e América Latina
18.979.895/0001-13;2016-12-01;1;CARLOS AUGUSTO SALAMONDE;Diretor Responsável pelo FII;Banco JP Morgan;2011-2013;Asset Management - CEO, Investment Management Brasil, Managing Director;Responsável pelo negocio de Asset Management no Brasil
19.131.224/0001-60;2016-12-31;1;José Alexandre Costa de Freitas;Diretor Responsável pelo FII;Oliveira Trust;Março/1992 - Data Atual;Diretor Presidente;Distribuidora de Títulos e Valores Mobiliários
19.239.245/0001-02;2016-12-01;1;Artur Martins de Figueiredo;Diretor Responsável pelo FII;Planner Corretora de Valores S/A;1999/2000;Gerente;Coordenação da Área de Agente Fiduciário, realizando entre outras atividades, o acompanhamento diário dos preços unitários das debêntures, controle dos "covenants" financeiros constantes da escritura de emissão, bem como avaliação das providências a serem adotadas nas emissões que encontram-se inadimplentes.
19.239.245/0001-02;2016-12-01;1;Artur Martins de Figueiredo;Diretor Responsável pelo FII;Banco Bradesco S/A;2000/2001;Gerente de Underwriting;Realização de prospecção de operações, nas quais as empresas utilizam o mercado de capitais como fonte de recursos para suportar investimentos e/ou alongamento de outros financiamentos / empréstimos.  O trabalho consistia na prospecção propriamente dita, ou seja, visitas / reuniões com os potenciais emissores, bem como o acompanhamento do processo de registro da operação junto à CVM - Comissão de Valores Mobiliário e do procedimento de venda dos títulos ao mercado (basicamente investidores institucionais).
19.239.245/0001-02;2016-12-01;1;Artur Martins de Figueiredo;Diretor Responsável pelo FII;Grupo Planner;2001/ Atual;Diretor / Conselheiro;Responsável pela administração fiduciária de Fundos de Investimento
19.239.245/0001-02;2016-12-01;1;Artur Martins de Figueiredo;Diretor Responsável pelo FII;Banco Bandeirantes de Investimentos S/A;1986/1999;Analista de Investimento;Realizava acompanhamento de empresas de capital aberto, bem como o mercado financeiro de um modo geral, objetivando a elaboração de relatórios diários para definição de estratégias na administração de recursos de terceiros.
19.390.726/0001-06;2016-12-01;1;Artur Martins de Figueiredo;Diretor Responsável pelo FII;Grupo Planner;2001/ Atual;Diretor / Conselheiro;Responsável pela administração fiduciária de Fundos de Investimento
19.390.726/0001-06;2016-12-01;1;Artur Martins de Figueiredo;Diretor Responsável pelo FII;Banco Bradesco S/A;2000/2001;Gerente de Underwriting;Realização de prospecção de operações, nas quais as empresas utilizam o mercado de capitais como fonte de recursos para suportar investimentos e/ou alongamento de outros financiamentos / empréstimos.  O trabalho consistia na prospecção propriamente dita, ou seja, visitas / reuniões com os potenciais emissores, bem como o acompanhamento do processo de registro da operação junto à CVM - Comissão de Valores Mobiliário e do procedimento de venda dos títulos ao mercado (basicamente investidores institucionais).
19.390.726/0001-06;2016-12-01;1;Artur Martins de Figueiredo;Diretor Responsável pelo FII;Planner Corretora de Valores S/A;1999/2000;Gerente;Coordenação da Área de Agente Fiduciário, realizando entre outras atividades, o acompanhamento diário dos preços unitários das debêntures, controle dos "covenants" financeiros constantes da escritura de emissão, bem como avaliação das providências a serem adotadas nas emissões que encontram-se inadimplentes.
19.390.726/0001-06;2016-12-01;1;Artur Martins de Figueiredo;Diretor Responsável pelo FII;Banco Bandeirantes de Investimentos S/A;1986/1999;Analista de Investimento;Realizava acompanhamento de empresas de capital aberto, bem como o mercado financeiro de um modo geral, objetivando a elaboração de relatórios diários para definição de estratégias na administração de recursos de terceiros.
19.419.994/0001-03;2016-12-31;1;Luiz Guilherme da Costa Manso Moreira de Mendonça;Diretor Responsável pelo FII;Banco de Investimentos Credit Suisse (Brasil) S.A.;Março/2009 até a presente data(obs. período que assumiu o cargo atual. Funcionário da instituição desde 1992.);Chefe de Finanças das empresas do grupo Credit Suisse no Brasil, responsável pelos departamentos de Contabilidade, Impostos, Risco, Resultado Gerencial, Orçamento e Planejamento e Controladoria de Fundos;Instituição Financeira
19.442.626/0001-86;2016-12-01;1;STEPHAN KRAJCER;Diretor Responsável pelo FII;ITAÚ UNIBANCO S.A;DESDE 2002;SUPERINTENDENTE;CUSTÓDIA LOCAL,CONTROLADORIA, ADMINISTRAÇÃO FIDUCIÁRIA, ESCRITURAÇÃO DE ATIVOS,  AGENTES DE GARANTIAS
19.805.989/0001-39;2016-12-01;1;Robert John Van Dijk;Diretor Responsável pelo FII;VOTORANTIM ASSET MANAGEMENT DTVM LTDA.;29/04/2011 até o presente momento;Diretor Geral;Administração de fundos de investimento
20.003.001/0001-05;2016-12-01;1;Allan Hadid;Diretor Responsável pelo FII;BRZ Investimentos;De junho de 2011 até junho de 2014;CEO (Chief Executive Officer);Atuou na área de gestão de recursos
20.003.001/0001-05;2016-12-01;1;Allan Hadid;Diretor Responsável pelo FII;Banco BTG Pactual S.A;De julho de 2014 até hoje;Ingressou como partner no Banco BTG Pactual S.A. na posição de COO (Chief Operations Officer) da área de Merchant Banking e, atualmente, ocupa o cargo de COO (Chief Operations Officer) da área de Global Asset Management;Atualmente, ocupa o cargo de COO (Chief Operations Officer) da área de Global Asset Management.
20.216.935/0001-17;2016-12-31;1;André Bernardino da Cruz Filho;Diretor Responsável pelo FII;BANCO BRADESCO S/A;Atual;É Membro da Mesa Regedora da Fundação Bradesco, Diretor da BEM - Distribuidora de Títulos e Valores Mobiliários Ltda. e da BEC - Distribuidora de Títulos e Valores Mobiliários Ltda. É, também, Diretor responsável pela administração dos Fundos de Investimento administrados pelo Banco Bradesco S.A. e pela BEM - Distribuidora de Títulos e Valores Mobiliários Ltda. Além dessas atividades, é Presidente do Conselho de Regulação e Melhores Práticas para os Serviços Qualificados ao Mercado de Capitais da ANBIMA - Associação Brasileira das Entidades dos Mercados Financeiro e de Capitais.;Instituição Financeira
20.265.434/0001-20;2016-12-01;1;Robert John Van Dijk;Diretor Responsável pelo FII;VOTORANTIM ASSET MANAGEMENT DTVM LTDA.;29/04/2011 até o presente momento;Diretor Geral;Administração de fundos de investimento
20.265.467/0001-70;2016-12-01;1;Robert John Van Dijk;Diretor Responsável pelo FII;VOTORANTIM ASSET MANAGEMENT DTVM LTDA.;29/04/2011 até o presente momento;Diretor Geral;Administração de fundos de investimento
20.680.775/0001-62;2016-12-01;1;Allan Hadid;Diretor Responsável pelo FII;BRZ Investimentos;De junho de 2011 até junho de 2014;CEO (Chief Executive Officer);Atuou na área de gestão de recursos
20.680.775/0001-62;2016-12-01;1;Allan Hadid;Diretor Responsável pelo FII;Banco BTG Pactual S.A;De julho de 2014 até hoje;Ingressou como partner no Banco BTG Pactual S.A. na posição de COO (Chief Operations Officer) da área de Merchant Banking e, atualmente, ocupa o cargo de COO (Chief Operations Officer) da área de Global Asset Management;Atualmente, ocupa o cargo de COO (Chief Operations Officer) da área de Global Asset Management.
20.716.161/0001-93;2016-12-01;1;Carlos José da Costa André;Diretor Responsável pelo FII;BB DTVM Gestão de Recursos S.A.;Desde 07/2009;Diretor Executivo de Gestão de Ativos;Administração de recursos de terceiros
20.787.427/0001-99;2016-12-01;1;Allan Hadid;Diretor Responsável pelo FII;BRZ Investimentos;De junho de 2011 até junho de 2014;CEO (Chief Executive Officer);Atuou na área de gestão de recursos
20.787.427/0001-99;2016-12-01;1;Allan Hadid;Diretor Responsável pelo FII;Banco BTG Pactual S.A;De julho de 2014 até hoje;Ingressou como partner no Banco BTG Pactual S.A. na posição de COO (Chief Operations Officer) da área de Merchant Banking e, atualmente, ocupa o cargo de COO (Chief Operations Officer) da área de Global Asset Management;Atualmente, ocupa o cargo de COO (Chief Operations Officer) da área de Global Asset Management.
20.834.884/0001-97;2016-12-31;1;Luiz Guilherme da Costa Manso Moreira de Mendonça;Diretor Responsável pelo FII;Banco de Investimentos Credit Suisse (Brasil) S.A.;Março/2009 até a presente data(obs. período que assumiu o cargo atual. Funcionário da instituição desde 1992.);Chefe de Finanças das empresas do grupo Credit Suisse no Brasil, responsável pelos departamentos de Contabilidade, Impostos, Risco, Resultado Gerencial, Orçamento e Planejamento e Controladoria de Fundos;Instituição Financeira
21.044.600/0001-21;2016-12-01;1;Eduardo Alvares Moreira;Diretor Responsável pelo FII;Geração Futuro CTVM;11/2014 até o momento;Senior Partner;Diretor responsavel
21.044.600/0001-21;2016-12-01;1;Eduardo Alvares Moreira;Diretor Responsável pelo FII;Grupo Brasil Plural;10/2009 á 10/2014;Senior Partner;Responsável pela estruturação das áreas de Wealth Management
21.126.204/0001-43;2016-12-01;1;PAULO ANDRE PORTO BILYK;Diretor Responsável pelo FII;Rio Bravo Investimentos;Últimos 5 anos;Chief Investment Officer;Investimentos Imobiliários
21.408.063/0001-51;2016-12-01;1;Artur Martins de Figueiredo;Diretor Responsável pelo FII;Grupo Planner;2001/ Atual;Diretor / Conselheiro;Responsável pela administração fiduciária de Fundos de Investimento
21.408.063/0001-51;2016-12-01;1;Artur Martins de Figueiredo;Diretor Responsável pelo FII;Banco Bradesco S/A;2000/2001;Gerente de Underwriting;Realização de prospecção de operações, nas quais as empresas utilizam o mercado de capitais como fonte de recursos para suportar investimentos e/ou alongamento de outros financiamentos / empréstimos.  O trabalho consistia na prospecção propriamente dita, ou seja, visitas / reuniões com os potenciais emissores, bem como o acompanhamento do processo de registro da operação junto à CVM - Comissão de Valores Mobiliário e do procedimento de venda dos títulos ao mercado (basicamente investidores institucionais).
21.408.063/0001-51;2016-12-01;1;Artur Martins de Figueiredo;Diretor Responsável pelo FII;Planner Corretora de Valores S/A;1999/2000;Gerente;Coordenação da Área de Agente Fiduciário, realizando entre outras atividades, o acompanhamento diário dos preços unitários das debêntures, controle dos "covenants" financeiros constantes da escritura de emissão, bem como avaliação das providências a serem adotadas nas emissões que encontram-se inadimplentes.
21.408.063/0001-51;2016-12-01;1;Artur Martins de Figueiredo;Diretor Responsável pelo FII;Banco Bandeirantes de Investimentos S/A;1986/1999;Analista de Investimento;Realizava acompanhamento de empresas de capital aberto, bem como o mercado financeiro de um modo geral, objetivando a elaboração de relatórios diários para definição de estratégias na administração de recursos de terceiros.
21.500.481/0001-74;2016-12-01;1;Robert John Van Dijk;Diretor Responsável pelo FII;VOTORANTIM ASSET MANAGEMENT DTVM LTDA.;29/04/2011 até o presente momento;Diretor Geral;Administração de fundos de investimento
21.500.500/0001-62;2016-12-01;1;Robert John Van Dijk;Diretor Responsável pelo FII;VOTORANTIM ASSET MANAGEMENT DTVM LTDA.;29/04/2011 até o presente momento;Diretor Geral;Administração de fundos de investimento
21.826.249/0001-20;2016-12-01;1;Eduardo Alvares Moreira;Diretor Responsável pelo FII;Geração Futuro CTVM;11/2014 até o momento;Senior Partner;Diretor responsavel
21.826.249/0001-20;2016-12-01;1;Eduardo Alvares Moreira;Diretor Responsável pelo FII;Grupo Brasil Plural;10/2009 á 10/2014;Senior Partner;Responsável pela estruturação das áreas de Wealth Management
22.211.522/0001-75;2016-12-01;1;FLAVIO EDUARDO ARAKAKI;Diretor Responsável pelo FII;Caixa Econômica Federal;22/05/2013 a 25/07/2016;Diretor Executivo;Diretoria Executiva de Ativos de Terceiros
22.211.522/0001-75;2016-12-01;1;FLAVIO EDUARDO ARAKAKI;Diretor Responsável pelo FII;Caixa Econômica Federal;10/06/2011 a 21/05/2013;Superintendente Nacional;Superintendência Nacional de Fundos de Investimento Especiais
22.211.522/0001-75;2016-12-01;1;FLAVIO EDUARDO ARAKAKI;Diretor Responsável pelo FII;Caixa Econômica Federal;26/07/2016 até o momento;Vice-Presidente Interino;Vice-Presidência de Gestão de Ativos de Terceiros
22.219.335/0001-38;2016-12-01;1;PAULO VELLANI DE LIMA;Diretor Responsável pelo FII;BANCO FATOR S.A.;12/2015 - ATUAL;DIRETOR DE ORIGINAÇÃO E ESTRUTURAÇÃO;É responsável pelos atos necessários aofuncionamento regular da atividade de Administração Fiduciária.  (incluindo elaboração de Atos societários e Fiduciários dos fundos de investimento sob administração Fator).
22.219.335/0001-38;2016-12-01;1;PAULO VELLANI DE LIMA;Diretor Responsável pelo FII;FAR - FATOR ADMINISTRAÇÃO DE RECURSOS LTDA;01/2008 A 12/2015;GERENTE DE PROCESSOS DE OPERAÇÕES;Foi responsável pelo BackOffice da FAR - Fator Administração de Recursos, respondendo pelos procedimentos, rotinas operacionais e fluxos com prestadores de serviço relacionados aos fundos de investimento
22.219.335/0001-38;2016-12-01;1;PAULO VELLANI DE LIMA;Diretor Responsável pelo FII;FATOR S.A. CORRETORA DE VALORES;12/2015 - ATUAL;DIRETOR DE RECURSOS DE TERCEIROS;É responsável pelos atos necessários aofuncionamento regular da atividade de Administração Fiduciária
22.340.978/0001-35;2016-12-01;1;Daniel Doll Lemos;Diretor Responsável pelo FII;SOCOPA - Sociedade Corretora Paulista S.A.;Desde Maio/2000;(i) Diretor de Administração de Fundos(ii) Diretor de Distribuição e Suitability;Atuação no mercado financeiro e de capitais e no mercado cambial intermediando a negociação de títulos e valores mobiliários entre investidores e tomadores de recursos, e oferecendo serviços como plataformas de investimento pela internet (home broker), clubes de investimentos, financiamento para compra de ações (conta margem) e administração e custódia de títulos e valores mobiliários dos clientes.
22.621.495/0001-09;2016-12-01;1;Allan Hadid;Diretor Responsável pelo FII;Banco BTG Pactual S.A;De julho de 2014 até hoje;Ingressou como partner no Banco BTG Pactual S.A. na posição de COO (Chief Operations Officer) da área de Merchant Banking e, atualmente, ocupa o cargo de COO (Chief Operations Officer) da área de Global Asset Management;Atualmente, ocupa o cargo de COO (Chief Operations Officer) da área de Global Asset Management.
22.621.495/0001-09;2016-12-01;1;Allan Hadid;Diretor Responsável pelo FII;BRZ Investimentos;De junho de 2011 até junho de 2014;CEO (Chief Executive Officer);Atuou na área de gestão de recursos
22.888.670/0001-29;2016-12-01;1;Allan Hadid;Diretor Responsável pelo FII;Banco BTG Pactual S.A;De julho de 2014 até hoje;Ingressou como partner no Banco BTG Pactual S.A. na posição de COO (Chief Operations Officer) da área de Merchant Banking e, atualmente, ocupa o cargo de COO (Chief Operations Officer) da área de Global Asset Management;Atualmente, ocupa o cargo de COO (Chief Operations Officer) da área de Global Asset Management.
22.888.670/0001-29;2016-12-01;1;Allan Hadid;Diretor Responsável pelo FII;BRZ Investimentos;De junho de 2011 até junho de 2014;CEO (Chief Executive Officer);Atuou na área de gestão de recursos
23.120.098/0001-16;2016-12-01;1;Robert John Van Dijk;Diretor Responsável pelo FII;VOTORANTIM ASSET MANAGEMENT DTVM LTDA.;29/04/2011 até o presente momento;;
23.177.717/0001-09;2016-12-01;1;Robert John Van Dijk;Diretor Responsável pelo FII;VOTORANTIM ASSET MANAGEMENT DTVM LTDA.;29/04/2011 até o presente momento;Diretor Geral;Administração de fundos de investimento
23.179.381/0001-13;2016-12-01;1;José Alexandre Costa de Freitas;Diretor Responsável pelo FII;Oliveira Trust;Março/1992 - Data Atual;Diretor Presidente;Distribuidora de Títulos e Valores Mobiliários
23.740.552/0001-31;2016-12-01;1;Robert John Van Dijk;Diretor Responsável pelo FII;VOTORANTIM ASSET MANAGEMENT DTVM LTDA.;29/04/2011 até o presente momento;Diretor Geral;Administração de fundos de investimento
23.740.575/0001-46;2016-12-01;1;Robert John Van Dijk;Diretor Responsável pelo FII;VOTORANTIM ASSET MANAGEMENT DTVM LTDA.;29/04/2011 até o presente momento;Diretor Geral;Administração de fundos de investimento
23.781.211/0001-04;2016-12-31;1;PAULO ANDRE PORTO BILYK;Diretor Responsável pelo FII;Rio Bravo Investimentos;Últimos 5 anos;Chief Investment Officer;Investimentos Imobiliários
26.191.053/0001-20;2016-12-01;1;Edilberto Pereira;Diretor Responsável pelo FII;Banco Petra S.A.;Período de 2009 até 2015;Diretor de Adm. de Cart. e Val. Mobiliários;Responsável pela Adm. de Carteiras
26.191.053/0001-20;2016-12-01;1;Edilberto Pereira;Diretor Responsável pelo FII;Petra - Personal Trader CTVM S.A.;Período de 2001 até 2015;Diretor Financeiro e de Operações;Responsável pela Adm. de Carteiras
26.195.121/0001-20;2016-12-31;1;HORACIO MARIO KLEINMAN;Diretor Responsável pelo FII;BR-CAPITAL D.T.V.M. S.A.;1991 até a presente data;Diretor Executivo;Distribuidora de Títulos e Valores Mobiliários
26.195.121/0001-20;2016-12-31;1;HORACIO MARIO KLEINMAN;Diretor Responsável pelo FII;UNITAS CONSULTORIA E EMPREENDIMENTOS LTDA.;1991 até a presente data;Diretor Executivo;Consultoria Imobiliária, Estruturação e Desenvolvimento de Empreendimentos Imobiliária.
97.521.194/0001-02;2016-12-30;1;ORONZO CHIARELLA;Diretor Responsável pelo FII;BANCO BNP PARIBAS BRASIL S.A.;JUNHO/2006 A JUNHO/2016;SUPERINTENDENTE BACK OFFICE;Superintendente responsável na área de Back Office pela liquidação e formalização das operações de Pagamentos, Câmbio, Adiantamento a Fornecedores e Cadastro de Clientes.
97.521.194/0001-02;2016-12-30;1;ORONZO CHIARELLA;Diretor Responsável pelo FII;BANCO BNP PARIBAS BRASIL S.A.;JUNHO/2016 ATÉ O MOMENTO;DIRETOR;DIRETOR RESPONSÁVEL PELA ADMINISTRAÇÃO DE RECURSOS DE TERCEIROS
