CNPJ_Fundo;Data_Referencia;Versao;Ativo_Negociado;Natureza_Transacao;Data_Transacao;Valor_Envolvido;Data_Assembleia;Contraparte
07.583.627/0001-61;2017-12-01;1;Não aplicável;AQUISIÇÃO;1899-12-31;0;1899-12-31;Não aplicável
07.583.627/0001-61;2017-12-01;1;Não aplicável;AQUISIÇÃO;1899-12-31;0;1899-12-31;Não aplicável
07.583.627/0001-61;2017-12-01;1;Não aplicável;AQUISIÇÃO;1899-12-31;0;1899-12-31;Não aplicável
07.583.627/0001-61;2017-12-01;1;Não aplicável;AQUISIÇÃO;1899-12-31;0;1899-12-31;Não aplicável
07.583.627/0001-61;2017-12-01;1;Não aplicável;AQUISIÇÃO;1899-12-31;0;1899-12-31;Não aplicável
07.583.627/0001-61;2017-12-01;1;Não aplicável;AQUISIÇÃO;1899-12-31;0;1899-12-31;Não aplicável
07.583.627/0001-61;2017-12-01;1;Não aplicável;AQUISIÇÃO;1899-12-31;0;1899-12-31;Não aplicável
07.583.627/0001-61;2017-12-01;1;Não aplicável;AQUISIÇÃO;1899-12-31;0;1899-12-31;Não aplicável
07.583.627/0001-61;2017-12-01;1;Não aplicável;AQUISIÇÃO;1899-12-31;0;1899-12-31;Não aplicável
08.924.783/0001-01;2017-12-01;2;Cotas do FII Prime Portfólio;AQUISIÇÃO;2017-01-27;5082035;2016-10-06;BTG PACTUAL SERVIÇOS FINANCEIROS S.A. DTVM
08.924.783/0001-01;2017-12-01;2;Cotas do FII Prime Portfólio;AQUISIÇÃO;2017-11-12;1815032.53;2016-10-06;BTG PACTUAL SERVIÇOS FINANCEIROS S.A. DTVM
08.924.783/0001-01;2017-12-01;2;Cotas do FII Prime Portfólio;AQUISIÇÃO;2017-08-12;1000000;2016-10-06;BTG PACTUAL SERVIÇOS FINANCEIROS S.A. DTVM
08.924.783/0001-01;2017-12-01;2;Cotas do FII Prime Portfólio;AQUISIÇÃO;2017-05-12;46.15;2016-10-06;BTG PACTUAL SERVIÇOS FINANCEIROS S.A. DTVM
08.924.783/0001-01;2017-12-01;2;Cotas do FII Prime Portfólio;AQUISIÇÃO;2017-04-12;4446838.19;2016-10-06;BTG PACTUAL SERVIÇOS FINANCEIROS S.A. DTVM
08.924.783/0001-01;2017-12-01;2;Cotas do FII Prime Portfólio;AQUISIÇÃO;2017-10-30;1037150;2016-10-06;BTG PACTUAL SERVIÇOS FINANCEIROS S.A. DTVM
08.924.783/0001-01;2017-12-01;2;Cotas do FII Prime Portfólio;AQUISIÇÃO;2017-09-28;2499946.36;2016-10-06;BTG PACTUAL SERVIÇOS FINANCEIROS S.A. DTVM
08.924.783/0001-01;2017-12-01;2;Cotas do FII Prime Portfólio;AQUISIÇÃO;2017-07-28;4999892.72;2016-10-06;BTG PACTUAL SERVIÇOS FINANCEIROS S.A. DTVM
08.924.783/0001-01;2017-12-01;2;Cotas do FII Prime Portfólio;AQUISIÇÃO;2017-06-29;4999892.72;2016-10-06;BTG PACTUAL SERVIÇOS FINANCEIROS S.A. DTVM
08.924.783/0001-01;2017-12-01;2;Cotas do FII Prime Portfólio;AQUISIÇÃO;2017-05-30;2499946.36;2016-10-06;BTG PACTUAL SERVIÇOS FINANCEIROS S.A. DTVM
08.924.783/0001-01;2017-12-01;2;Cotas do FII Prime Portfólio;AQUISIÇÃO;2017-11-05;2000040.06;2016-10-06;BTG PACTUAL SERVIÇOS FINANCEIROS S.A. DTVM
08.924.783/0001-01;2017-12-01;2;Cotas do FII Prime Portfólio;AQUISIÇÃO;2017-04-27;2000040.06;2016-10-06;BTG PACTUAL SERVIÇOS FINANCEIROS S.A. DTVM
10.427.246/0001-06;2017-12-01;1;Cotas do FII Cenesp;AQUISIÇÃO;2016-11-11;15607539.36;2016-10-06;BTG PACTUAL SERVIÇOS FINANCEIROS S.A. DTVM
11.026.627/0001-38;2017-12-01;1;Cotas do FII Anhanguera Educacional;AQUISIÇÃO;2017-05-26;369170.89;2016-07-07;BTG PACTUAL SERVIÇOS FINANCEIROS S.A. DTVM
11.026.627/0001-38;2017-12-01;1;Cotas do FII VBI;ALIENAÇÃO;2017-11-28;21284.03;2016-07-07;BTG PACTUAL SERVIÇOS FINANCEIROS S.A. DTVM
11.026.627/0001-38;2017-12-01;1;Cotas do FII VBI;ALIENAÇÃO;2017-11-27;135578.24;2016-07-07;BTG PACTUAL SERVIÇOS FINANCEIROS S.A. DTVM
11.026.627/0001-38;2017-12-01;1;Cotas do FII VBI;ALIENAÇÃO;2017-11-22;12381.65;2016-07-07;BTG PACTUAL SERVIÇOS FINANCEIROS S.A. DTVM
11.026.627/0001-38;2017-12-01;1;Cotas do FII VBI;ALIENAÇÃO;2017-11-21;3009.3;2016-07-07;BTG PACTUAL SERVIÇOS FINANCEIROS S.A. DTVM
11.026.627/0001-38;2017-12-01;1;Cotas do FII VBI;ALIENAÇÃO;2017-11-14;20844.76;2016-07-07;BTG PACTUAL SERVIÇOS FINANCEIROS S.A. DTVM
11.026.627/0001-38;2017-12-01;1;Cotas do FII VBI;ALIENAÇÃO;2017-11-10;6957643.27;2016-07-07;BTG PACTUAL SERVIÇOS FINANCEIROS S.A. DTVM
11.026.627/0001-38;2017-12-01;1;Cotas do FII VBI;ALIENAÇÃO;2017-11-07;19692.09;2016-07-07;BTG PACTUAL SERVIÇOS FINANCEIROS S.A. DTVM
11.026.627/0001-38;2017-12-01;1;Cotas do FII VBI;ALIENAÇÃO;2017-10-27;113007.74;2016-07-07;BTG PACTUAL SERVIÇOS FINANCEIROS S.A. DTVM
11.026.627/0001-38;2017-12-01;1;Cotas do FII VBI;ALIENAÇÃO;2017-10-25;96693.43;2016-07-07;BTG PACTUAL SERVIÇOS FINANCEIROS S.A. DTVM
11.026.627/0001-38;2017-12-01;1;Cotas do FII VBI;ALIENAÇÃO;2017-10-23;85622.84;2016-07-07;BTG PACTUAL SERVIÇOS FINANCEIROS S.A. DTVM
11.026.627/0001-38;2017-12-01;1;Cotas do FII VBI;ALIENAÇÃO;2017-10-20;252651.97;2016-07-07;BTG PACTUAL SERVIÇOS FINANCEIROS S.A. DTVM
11.026.627/0001-38;2017-12-01;1;Cotas do FII VBI;ALIENAÇÃO;2017-10-17;432458.12;2016-07-07;BTG PACTUAL SERVIÇOS FINANCEIROS S.A. DTVM
11.026.627/0001-38;2017-12-01;1;Cotas do FII VBI;ALIENAÇÃO;2017-10-16;551943;2016-07-07;BTG PACTUAL SERVIÇOS FINANCEIROS S.A. DTVM
11.026.627/0001-38;2017-12-01;1;Cotas do FII VBI;ALIENAÇÃO;2017-10-13;965566.91;2016-07-07;BTG PACTUAL SERVIÇOS FINANCEIROS S.A. DTVM
11.026.627/0001-38;2017-12-01;1;Cotas do FII TB Office;ALIENAÇÃO;2017-10-11;19521.47;2016-07-07;BTG PACTUAL SERVIÇOS FINANCEIROS S.A. DTVM
11.026.627/0001-38;2017-12-01;1;Cotas do FII TB Office;ALIENAÇÃO;2017-08-14;19307.96;2016-07-07;BTG PACTUAL SERVIÇOS FINANCEIROS S.A. DTVM
11.026.627/0001-38;2017-12-01;1;Cotas do FII TB Office;ALIENAÇÃO;2017-08-07;146378.75;2016-07-07;BTG PACTUAL SERVIÇOS FINANCEIROS S.A. DTVM
11.026.627/0001-38;2017-12-01;1;Cotas do FII TB Office;ALIENAÇÃO;2017-08-04;5377.76;2016-07-07;BTG PACTUAL SERVIÇOS FINANCEIROS S.A. DTVM
11.026.627/0001-38;2017-12-01;1;Cotas do FII TB Office;ALIENAÇÃO;2017-08-03;155841.1;2016-07-07;BTG PACTUAL SERVIÇOS FINANCEIROS S.A. DTVM
11.026.627/0001-38;2017-12-01;1;Cotas do FII TB Office;ALIENAÇÃO;2017-08-02;25299.53;2016-07-07;BTG PACTUAL SERVIÇOS FINANCEIROS S.A. DTVM
11.026.627/0001-38;2017-12-01;1;Cotas do FII TB Office;ALIENAÇÃO;2017-08-01;78470.14;2016-07-07;BTG PACTUAL SERVIÇOS FINANCEIROS S.A. DTVM
11.026.627/0001-38;2017-12-01;1;Cotas do FII Hospital Nossa Senhora de Lourdes;ALIENAÇÃO;2017-10-30;48800.05;2016-07-07;BTG PACTUAL SERVIÇOS FINANCEIROS S.A. DTVM
11.026.627/0001-38;2017-12-01;1;Cotas do FII Hospital Nossa Senhora de Lourdes;ALIENAÇÃO;2017-10-25;5770.92;2016-07-07;BTG PACTUAL SERVIÇOS FINANCEIROS S.A. DTVM
11.026.627/0001-38;2017-12-01;1;Cotas do FII Hospital Nossa Senhora de Lourdes;ALIENAÇÃO;2017-10-19;4816.39;2016-07-07;BTG PACTUAL SERVIÇOS FINANCEIROS S.A. DTVM
11.026.627/0001-38;2017-12-01;1;Cotas do FII Hospital Nossa Senhora de Lourdes;ALIENAÇÃO;2017-10-18;10767.8;2016-07-07;BTG PACTUAL SERVIÇOS FINANCEIROS S.A. DTVM
11.026.627/0001-38;2017-12-01;1;Cotas do FII Hospital Nossa Senhora de Lourdes;ALIENAÇÃO;2017-10-17;1908.13;2016-07-07;BTG PACTUAL SERVIÇOS FINANCEIROS S.A. DTVM
11.026.627/0001-38;2017-12-01;1;Cotas do FII Hospital Nossa Senhora de Lourdes;ALIENAÇÃO;2017-10-09;16854.84;2016-07-07;BTG PACTUAL SERVIÇOS FINANCEIROS S.A. DTVM
11.026.627/0001-38;2017-12-01;1;Cotas do FII Hospital Nossa Senhora de Lourdes;ALIENAÇÃO;2017-10-06;9704.32;2016-07-07;BTG PACTUAL SERVIÇOS FINANCEIROS S.A. DTVM
11.026.627/0001-38;2017-12-01;1;Cotas do FII Hospital Nossa Senhora de Lourdes;ALIENAÇÃO;2017-10-02;237.47;2016-07-07;BTG PACTUAL SERVIÇOS FINANCEIROS S.A. DTVM
11.026.627/0001-38;2017-12-01;1;Cotas do FII Hospital Nossa Senhora de Lourdes;ALIENAÇÃO;2017-09-29;57321.29;2016-07-07;BTG PACTUAL SERVIÇOS FINANCEIROS S.A. DTVM
11.026.627/0001-38;2017-12-01;1;Cotas do FII Hospital Nossa Senhora de Lourdes;ALIENAÇÃO;2017-09-27;2471.45;2016-07-07;BTG PACTUAL SERVIÇOS FINANCEIROS S.A. DTVM
11.026.627/0001-38;2017-12-01;1;Cotas do FII Hospital Nossa Senhora de Lourdes;ALIENAÇÃO;2017-09-26;13552.91;2016-07-07;BTG PACTUAL SERVIÇOS FINANCEIROS S.A. DTVM
11.026.627/0001-38;2017-12-01;1;Cotas do FII Hospital Nossa Senhora de Lourdes;ALIENAÇÃO;2017-09-25;33626.54;2016-07-07;BTG PACTUAL SERVIÇOS FINANCEIROS S.A. DTVM
11.026.627/0001-38;2017-12-01;1;Cotas do FII Hospital Nossa Senhora de Lourdes;ALIENAÇÃO;2017-09-22;4468.75;2016-07-07;BTG PACTUAL SERVIÇOS FINANCEIROS S.A. DTVM
11.026.627/0001-38;2017-12-01;1;Cotas do FII Hospital Nossa Senhora de Lourdes;ALIENAÇÃO;2017-09-20;745.03;2016-07-07;BTG PACTUAL SERVIÇOS FINANCEIROS S.A. DTVM
11.026.627/0001-38;2017-12-01;1;Cotas do FII Hospital Nossa Senhora de Lourdes;ALIENAÇÃO;2017-08-30;19739.4;2016-07-07;BTG PACTUAL SERVIÇOS FINANCEIROS S.A. DTVM
11.026.627/0001-38;2017-12-01;1;Cotas do FII Hospital Nossa Senhora de Lourdes;ALIENAÇÃO;2017-08-25;67663.1;2016-07-07;BTG PACTUAL SERVIÇOS FINANCEIROS S.A. DTVM
11.026.627/0001-38;2017-12-01;1;Cotas do FII BTG Pactual Fundo de CRI;ALIENAÇÃO;2017-04-05;32782.6;2016-07-07;BTG PACTUAL SERVIÇOS FINANCEIROS S.A. DTVM
11.026.627/0001-38;2017-12-01;1;Cotas do FII BTG Pactual Fundo de CRI;ALIENAÇÃO;2017-04-04;65224.04;2016-07-07;BTG PACTUAL SERVIÇOS FINANCEIROS S.A. DTVM
11.026.627/0001-38;2017-12-01;1;Cotas do FII BTG Pactual Fundo de CRI;ALIENAÇÃO;2017-02-09;14501.7;2016-07-07;BTG PACTUAL SERVIÇOS FINANCEIROS S.A. DTVM
11.026.627/0001-38;2017-12-01;1;Cotas do FII BTG Pactual Fundo de CRI;ALIENAÇÃO;2017-01-31;63546.26;2016-07-07;BTG PACTUAL SERVIÇOS FINANCEIROS S.A. DTVM
11.026.627/0001-38;2017-12-01;1;Cotas do FII BTG Pactual Fundo de CRI;ALIENAÇÃO;2017-01-30;22195.81;2016-07-07;BTG PACTUAL SERVIÇOS FINANCEIROS S.A. DTVM
11.026.627/0001-38;2017-12-01;1;Cotas do FII BTG Pactual Fundo de CRI;ALIENAÇÃO;2017-01-27;378950.4;2016-07-07;BTG PACTUAL SERVIÇOS FINANCEIROS S.A. DTVM
11.026.627/0001-38;2017-12-01;1;Cotas do FII BTG Pactual Fundo de CRI;ALIENAÇÃO;2017-01-26;148528.06;2016-07-07;BTG PACTUAL SERVIÇOS FINANCEIROS S.A. DTVM
11.026.627/0001-38;2017-12-01;1;Cotas do FII BTG Pactual Fundo de CRI;ALIENAÇÃO;2017-01-24;425620.97;2016-07-07;BTG PACTUAL SERVIÇOS FINANCEIROS S.A. DTVM
11.026.627/0001-38;2017-12-01;1;Cotas do FII BTG Pactual Fundo de CRI;ALIENAÇÃO;2017-01-23;335402.83;2016-07-07;BTG PACTUAL SERVIÇOS FINANCEIROS S.A. DTVM
11.026.627/0001-38;2017-12-01;1;Cotas do FII BTG Pactual Fundo de CRI;ALIENAÇÃO;2017-01-19;347271.87;2016-07-07;BTG PACTUAL SERVIÇOS FINANCEIROS S.A. DTVM
11.026.627/0001-38;2017-12-01;1;Cotas do FII BTG Pactual Fundo de CRI;ALIENAÇÃO;2017-01-18;303452.87;2016-07-07;BTG PACTUAL SERVIÇOS FINANCEIROS S.A. DTVM
11.026.627/0001-38;2017-12-01;1;Cotas do FII BTG Pactual Fundo de CRI;ALIENAÇÃO;2017-01-17;415852.98;2016-07-07;BTG PACTUAL SERVIÇOS FINANCEIROS S.A. DTVM
11.026.627/0001-38;2017-12-01;1;Cotas do FII BTG Pactual Fundo de CRI;ALIENAÇÃO;2017-01-16;347390.14;2016-07-07;BTG PACTUAL SERVIÇOS FINANCEIROS S.A. DTVM
11.026.627/0001-38;2017-12-01;1;Cotas do FII BTG Pactual Fundo de CRI;ALIENAÇÃO;2017-01-13;395788.53;2016-07-07;BTG PACTUAL SERVIÇOS FINANCEIROS S.A. DTVM
11.026.627/0001-38;2017-12-01;1;Cotas do FII BTG Pactual Fundo de CRI;ALIENAÇÃO;2017-01-12;357305.21;2016-07-07;BTG PACTUAL SERVIÇOS FINANCEIROS S.A. DTVM
11.026.627/0001-38;2017-12-01;1;Cotas do FII BTG Pactual Fundo de CRI;ALIENAÇÃO;2017-01-06;234058.02;2016-07-07;BTG PACTUAL SERVIÇOS FINANCEIROS S.A. DTVM
11.026.627/0001-38;2017-12-01;1;Cotas do FII BTG Pactual Fundo de CRI;ALIENAÇÃO;2017-01-05;237545.97;2016-07-07;BTG PACTUAL SERVIÇOS FINANCEIROS S.A. DTVM
11.026.627/0001-38;2017-12-01;1;Cotas do FII BTG Pactual Fundo de CRI;ALIENAÇÃO;2017-01-04;286492.51;2016-07-07;BTG PACTUAL SERVIÇOS FINANCEIROS S.A. DTVM
11.026.627/0001-38;2017-12-01;1;Cotas do FII BTG Pactual Fundo de CRI;ALIENAÇÃO;2017-01-03;245663.87;2016-07-07;BTG PACTUAL SERVIÇOS FINANCEIROS S.A. DTVM
11.026.627/0001-38;2017-12-01;1;Cotas do FII BTG Pactual Fundo de CRI;ALIENAÇÃO;2017-01-02;192828.32;2016-07-07;BTG PACTUAL SERVIÇOS FINANCEIROS S.A. DTVM
11.026.627/0001-38;2017-12-01;1;Cotas do FII Cenesp;ALIENAÇÃO;2017-10-20;6447.63;2016-07-07;BTG PACTUAL SERVIÇOS FINANCEIROS S.A. DTVM
11.026.627/0001-38;2017-12-01;1;Cotas do FII Cenesp;ALIENAÇÃO;2017-10-19;599.55;2016-07-07;BTG PACTUAL SERVIÇOS FINANCEIROS S.A. DTVM
11.026.627/0001-38;2017-12-01;1;Cotas do FII Cenesp;ALIENAÇÃO;2017-09-22;6364.53;2016-07-07;BTG PACTUAL SERVIÇOS FINANCEIROS S.A. DTVM
11.026.627/0001-38;2017-12-01;1;Cotas do FII Cenesp;ALIENAÇÃO;2017-09-19;1556.23;2016-07-07;BTG PACTUAL SERVIÇOS FINANCEIROS S.A. DTVM
11.026.627/0001-38;2017-12-01;1;Cotas do FII Campus Faria Lima;ALIENAÇÃO;2017-07-20;37409.11;2016-07-07;BTG PACTUAL SERVIÇOS FINANCEIROS S.A. DTVM
11.026.627/0001-38;2017-12-01;1;Cotas do FII Campus Faria Lima;ALIENAÇÃO;2017-01-16;123945.54;2016-07-07;BTG PACTUAL SERVIÇOS FINANCEIROS S.A. DTVM
11.026.627/0001-38;2017-12-01;1;Cotas do FII Campus Faria Lima;ALIENAÇÃO;2017-01-02;12247.65;2016-07-07;BTG PACTUAL SERVIÇOS FINANCEIROS S.A. DTVM
11.026.627/0001-38;2017-12-01;1;Cotas do FII Anhanguera Educacional;ALIENAÇÃO;2017-12-22;25505.14;2016-07-07;BTG PACTUAL SERVIÇOS FINANCEIROS S.A. DTVM
11.026.627/0001-38;2017-12-01;1;Cotas do FII Anhanguera Educacional;ALIENAÇÃO;2017-12-20;10542.09;2016-07-07;BTG PACTUAL SERVIÇOS FINANCEIROS S.A. DTVM
11.026.627/0001-38;2017-12-01;1;Cotas do FII Anhanguera Educacional;ALIENAÇÃO;2017-12-19;21045.46;2016-07-07;BTG PACTUAL SERVIÇOS FINANCEIROS S.A. DTVM
11.026.627/0001-38;2017-12-01;1;Cotas do FII Anhanguera Educacional;ALIENAÇÃO;2017-11-21;14802.12;2016-07-07;BTG PACTUAL SERVIÇOS FINANCEIROS S.A. DTVM
11.026.627/0001-38;2017-12-01;1;Cotas do FII Anhanguera Educacional;ALIENAÇÃO;2017-11-17;12851.84;2016-07-07;BTG PACTUAL SERVIÇOS FINANCEIROS S.A. DTVM
11.026.627/0001-38;2017-12-01;1;Cotas do FII Anhanguera Educacional;ALIENAÇÃO;2017-11-16;18705.71;2016-07-07;BTG PACTUAL SERVIÇOS FINANCEIROS S.A. DTVM
11.026.627/0001-38;2017-12-01;1;Cotas do FII Anhanguera Educacional;ALIENAÇÃO;2017-11-08;25420.92;2016-07-07;BTG PACTUAL SERVIÇOS FINANCEIROS S.A. DTVM
11.026.627/0001-38;2017-12-01;1;Cotas do FII Anhanguera Educacional;ALIENAÇÃO;2017-10-30;41050.66;2016-07-07;BTG PACTUAL SERVIÇOS FINANCEIROS S.A. DTVM
11.026.627/0001-38;2017-12-01;1;Cotas do FII Anhanguera Educacional;ALIENAÇÃO;2017-10-27;52972.98;2016-07-07;BTG PACTUAL SERVIÇOS FINANCEIROS S.A. DTVM
11.026.627/0001-38;2017-12-01;1;Cotas do FII Anhanguera Educacional;ALIENAÇÃO;2017-08-29;12872.7;2016-07-07;BTG PACTUAL SERVIÇOS FINANCEIROS S.A. DTVM
11.026.627/0001-38;2017-12-01;1;Cotas do FII Anhanguera Educacional;ALIENAÇÃO;2017-08-28;24821.36;2016-07-07;BTG PACTUAL SERVIÇOS FINANCEIROS S.A. DTVM
11.026.627/0001-38;2017-12-01;1;Cotas do FII Anhanguera Educacional;ALIENAÇÃO;2017-08-24;20074.94;2016-07-07;BTG PACTUAL SERVIÇOS FINANCEIROS S.A. DTVM
11.026.627/0001-38;2017-12-01;1;Cotas do FII Anhanguera Educacional;ALIENAÇÃO;2017-02-07;101757.94;2016-07-07;BTG PACTUAL SERVIÇOS FINANCEIROS S.A. DTVM
11.026.627/0001-38;2017-12-01;1;Cotas do FII Anhanguera Educacional;ALIENAÇÃO;2017-01-31;140681.36;2016-07-07;BTG PACTUAL SERVIÇOS FINANCEIROS S.A. DTVM
11.026.627/0001-38;2017-12-01;1;Cotas do FII Anhanguera Educacional;ALIENAÇÃO;2017-01-27;143904.29;2016-07-07;BTG PACTUAL SERVIÇOS FINANCEIROS S.A. DTVM
11.026.627/0001-38;2017-12-01;1;Cotas do FII Anhanguera Educacional;ALIENAÇÃO;2017-01-23;84209.48;2016-07-07;BTG PACTUAL SERVIÇOS FINANCEIROS S.A. DTVM
11.026.627/0001-38;2017-12-01;1;Cotas do FII Anhanguera Educacional;ALIENAÇÃO;2017-01-19;266323.55;2016-07-07;BTG PACTUAL SERVIÇOS FINANCEIROS S.A. DTVM
11.026.627/0001-38;2017-12-01;1;Cotas do FII Anhanguera Educacional;ALIENAÇÃO;2017-01-17;90527.87;2016-07-07;BTG PACTUAL SERVIÇOS FINANCEIROS S.A. DTVM
11.026.627/0001-38;2017-12-01;1;Cotas do FII Anhanguera Educacional;ALIENAÇÃO;2017-01-16;50755.37;2016-07-07;BTG PACTUAL SERVIÇOS FINANCEIROS S.A. DTVM
11.026.627/0001-38;2017-12-01;1;Cotas do FII Anhanguera Educacional;ALIENAÇÃO;2017-01-13;120000.29;2016-07-07;BTG PACTUAL SERVIÇOS FINANCEIROS S.A. DTVM
11.026.627/0001-38;2017-12-01;1;Cotas do FII Anhanguera Educacional;ALIENAÇÃO;2017-01-12;16306.21;2016-07-07;BTG PACTUAL SERVIÇOS FINANCEIROS S.A. DTVM
11.026.627/0001-38;2017-12-01;1;Cotas do FII Anhanguera Educacional;ALIENAÇÃO;2017-01-05;21242.39;2016-07-07;BTG PACTUAL SERVIÇOS FINANCEIROS S.A. DTVM
11.026.627/0001-38;2017-12-01;1;Cotas do FII XP Malls;AQUISIÇÃO;2017-12-19;6000000;2016-07-07;BTG PACTUAL SERVIÇOS FINANCEIROS S.A. DTVM
11.026.627/0001-38;2017-12-01;1;Cotas do FII TB Office;AQUISIÇÃO;2017-04-05;16347.2;2016-07-07;BTG PACTUAL SERVIÇOS FINANCEIROS S.A. DTVM
11.026.627/0001-38;2017-12-01;1;Cotas do FII TB Office;AQUISIÇÃO;2017-03-15;452124.74;2016-07-07;BTG PACTUAL SERVIÇOS FINANCEIROS S.A. DTVM
11.026.627/0001-38;2017-12-01;1;Cotas do FII Hospital Nossa Senhora de Lourdes;AQUISIÇÃO;2017-12-08;1007530.08;2016-07-07;BTG PACTUAL SERVIÇOS FINANCEIROS S.A. DTVM
11.026.627/0001-38;2017-12-01;1;Cotas do FII Hospital Nossa Senhora de Lourdes;AQUISIÇÃO;2017-09-01;10471.82;2016-07-07;BTG PACTUAL SERVIÇOS FINANCEIROS S.A. DTVM
11.026.627/0001-38;2017-12-01;1;Cotas do FII Hospital Nossa Senhora de Lourdes;AQUISIÇÃO;2017-08-30;51108.8;2016-07-07;BTG PACTUAL SERVIÇOS FINANCEIROS S.A. DTVM
11.026.627/0001-38;2017-12-01;1;Cotas do FII Hospital Nossa Senhora de Lourdes;AQUISIÇÃO;2017-08-29;46318.71;2016-07-07;BTG PACTUAL SERVIÇOS FINANCEIROS S.A. DTVM
11.026.627/0001-38;2017-12-01;1;Cotas do FII Hospital Nossa Senhora de Lourdes;AQUISIÇÃO;2017-08-28;395284.97;2016-07-07;BTG PACTUAL SERVIÇOS FINANCEIROS S.A. DTVM
11.026.627/0001-38;2017-12-01;1;Cotas do FII Hospital Nossa Senhora de Lourdes;AQUISIÇÃO;2017-08-24;65033.2;2016-07-07;BTG PACTUAL SERVIÇOS FINANCEIROS S.A. DTVM
11.026.627/0001-38;2017-12-01;1;Cotas do FII Hospital Nossa Senhora de Lourdes;AQUISIÇÃO;2017-08-23;11408.9;2016-07-07;BTG PACTUAL SERVIÇOS FINANCEIROS S.A. DTVM
11.026.627/0001-38;2017-12-01;1;Cotas do FII Hospital Nossa Senhora de Lourdes;AQUISIÇÃO;2017-08-21;87588.11;2016-07-07;BTG PACTUAL SERVIÇOS FINANCEIROS S.A. DTVM
11.026.627/0001-38;2017-12-01;1;Cotas do FII Hospital Nossa Senhora de Lourdes;AQUISIÇÃO;2017-08-18;45619.22;2016-07-07;BTG PACTUAL SERVIÇOS FINANCEIROS S.A. DTVM
11.026.627/0001-38;2017-12-01;1;Cotas do FII Hospital Nossa Senhora de Lourdes;AQUISIÇÃO;2017-08-17;13688.19;2016-07-07;BTG PACTUAL SERVIÇOS FINANCEIROS S.A. DTVM
11.026.627/0001-38;2017-12-01;1;Cotas do FII Hospital Nossa Senhora de Lourdes;AQUISIÇÃO;2017-08-16;18483.05;2016-07-07;BTG PACTUAL SERVIÇOS FINANCEIROS S.A. DTVM
11.026.627/0001-38;2017-12-01;1;Cotas do FII Hospital Nossa Senhora de Lourdes;AQUISIÇÃO;2017-08-15;1137.96;2016-07-07;BTG PACTUAL SERVIÇOS FINANCEIROS S.A. DTVM
11.026.627/0001-38;2017-12-01;1;Cotas do FII Hospital Nossa Senhora de Lourdes;AQUISIÇÃO;2017-08-14;13690.68;2016-07-07;BTG PACTUAL SERVIÇOS FINANCEIROS S.A. DTVM
11.026.627/0001-38;2017-12-01;1;Cotas do FII Hospital Nossa Senhora de Lourdes;AQUISIÇÃO;2017-08-11;2272.36;2016-07-07;BTG PACTUAL SERVIÇOS FINANCEIROS S.A. DTVM
11.026.627/0001-38;2017-12-01;1;Cotas do FII Hospital Nossa Senhora de Lourdes;AQUISIÇÃO;2017-08-10;3422.37;2016-07-07;BTG PACTUAL SERVIÇOS FINANCEIROS S.A. DTVM
11.026.627/0001-38;2017-12-01;1;Cotas do FII Hospital Nossa Senhora de Lourdes;AQUISIÇÃO;2017-08-09;49730.74;2016-07-07;BTG PACTUAL SERVIÇOS FINANCEIROS S.A. DTVM
11.026.627/0001-38;2017-12-01;1;Cotas do FII Hospital Nossa Senhora de Lourdes;AQUISIÇÃO;2017-08-08;349422.65;2016-07-07;BTG PACTUAL SERVIÇOS FINANCEIROS S.A. DTVM
11.026.627/0001-38;2017-12-01;1;Cotas do FII Hospital Nossa Senhora de Lourdes;AQUISIÇÃO;2017-08-07;229.6;2016-07-07;BTG PACTUAL SERVIÇOS FINANCEIROS S.A. DTVM
11.026.627/0001-38;2017-12-01;1;Cotas do FII Hospital Nossa Senhora de Lourdes;AQUISIÇÃO;2017-08-04;42467.02;2016-07-07;BTG PACTUAL SERVIÇOS FINANCEIROS S.A. DTVM
11.026.627/0001-38;2017-12-01;1;Cotas do FII Hospital Nossa Senhora de Lourdes;AQUISIÇÃO;2017-08-03;49052.47;2016-07-07;BTG PACTUAL SERVIÇOS FINANCEIROS S.A. DTVM
11.026.627/0001-38;2017-12-01;1;Cotas do FII Hospital Nossa Senhora de Lourdes;AQUISIÇÃO;2017-08-02;23262.6;2016-07-07;BTG PACTUAL SERVIÇOS FINANCEIROS S.A. DTVM
11.026.627/0001-38;2017-12-01;1;Cotas do FII Hospital Nossa Senhora de Lourdes;AQUISIÇÃO;2017-08-01;254789.95;2016-07-07;BTG PACTUAL SERVIÇOS FINANCEIROS S.A. DTVM
11.026.627/0001-38;2017-12-01;1;Cotas do FII Hospital Nossa Senhora de Lourdes;AQUISIÇÃO;2017-07-31;681.26;2016-07-07;BTG PACTUAL SERVIÇOS FINANCEIROS S.A. DTVM
11.026.627/0001-38;2017-12-01;1;Cotas do FII Hospital Nossa Senhora de Lourdes;AQUISIÇÃO;2017-07-28;227.78;2016-07-07;BTG PACTUAL SERVIÇOS FINANCEIROS S.A. DTVM
11.026.627/0001-38;2017-12-01;1;Cotas do FII Hospital Nossa Senhora de Lourdes;AQUISIÇÃO;2017-07-27;682.48;2016-07-07;BTG PACTUAL SERVIÇOS FINANCEIROS S.A. DTVM
11.026.627/0001-38;2017-12-01;1;Cotas do FII Hospital Nossa Senhora de Lourdes;AQUISIÇÃO;2017-07-25;452.33;2016-07-07;BTG PACTUAL SERVIÇOS FINANCEIROS S.A. DTVM
11.026.627/0001-38;2017-12-01;1;Cotas do FII Hospital Nossa Senhora de Lourdes;AQUISIÇÃO;2017-07-24;1130.73;2016-07-07;BTG PACTUAL SERVIÇOS FINANCEIROS S.A. DTVM
11.026.627/0001-38;2017-12-01;1;Cotas do FII Hospital Nossa Senhora de Lourdes;AQUISIÇÃO;2017-07-21;158369.9;2016-07-07;BTG PACTUAL SERVIÇOS FINANCEIROS S.A. DTVM
11.026.627/0001-38;2017-12-01;1;Cotas do FII Hospital Nossa Senhora de Lourdes;AQUISIÇÃO;2017-07-20;331257.79;2016-07-07;BTG PACTUAL SERVIÇOS FINANCEIROS S.A. DTVM
11.026.627/0001-38;2017-12-01;1;Cotas do FII Hospital Nossa Senhora de Lourdes;AQUISIÇÃO;2017-07-19;97035.97;2016-07-07;BTG PACTUAL SERVIÇOS FINANCEIROS S.A. DTVM
11.026.627/0001-38;2017-12-01;1;Cotas do FII Hospital Nossa Senhora de Lourdes;AQUISIÇÃO;2017-07-18;658749.54;2016-07-07;BTG PACTUAL SERVIÇOS FINANCEIROS S.A. DTVM
11.026.627/0001-38;2017-12-01;1;Cotas do FII Hospital Nossa Senhora de Lourdes;AQUISIÇÃO;2017-07-17;22633.77;2016-07-07;BTG PACTUAL SERVIÇOS FINANCEIROS S.A. DTVM
11.026.627/0001-38;2017-12-01;1;Cotas do FII Hospital Nossa Senhora de Lourdes;AQUISIÇÃO;2017-07-14;55094.76;2016-07-07;BTG PACTUAL SERVIÇOS FINANCEIROS S.A. DTVM
11.026.627/0001-38;2017-12-01;1;Cotas do FII Hospital Nossa Senhora de Lourdes;AQUISIÇÃO;2017-07-13;901.04;2016-07-07;BTG PACTUAL SERVIÇOS FINANCEIROS S.A. DTVM
11.026.627/0001-38;2017-12-01;1;Cotas do FII Hospital Nossa Senhora de Lourdes;AQUISIÇÃO;2017-07-12;141125.54;2016-07-07;BTG PACTUAL SERVIÇOS FINANCEIROS S.A. DTVM
11.026.627/0001-38;2017-12-01;1;Cotas do FII Hospital Nossa Senhora de Lourdes;AQUISIÇÃO;2017-07-11;17171.66;2016-07-07;BTG PACTUAL SERVIÇOS FINANCEIROS S.A. DTVM
11.026.627/0001-38;2017-12-01;1;Cotas do FII Hospital Nossa Senhora de Lourdes;AQUISIÇÃO;2017-07-10;2030.23;2016-07-07;BTG PACTUAL SERVIÇOS FINANCEIROS S.A. DTVM
11.026.627/0001-38;2017-12-01;1;Cotas do FII Hospital Nossa Senhora de Lourdes;AQUISIÇÃO;2017-07-07;5716.72;2016-07-07;BTG PACTUAL SERVIÇOS FINANCEIROS S.A. DTVM
11.026.627/0001-38;2017-12-01;1;Cotas do FII Hospital Nossa Senhora de Lourdes;AQUISIÇÃO;2017-07-06;22679.47;2016-07-07;BTG PACTUAL SERVIÇOS FINANCEIROS S.A. DTVM
11.026.627/0001-38;2017-12-01;1;Cotas do FII Hospital Nossa Senhora de Lourdes;AQUISIÇÃO;2017-07-05;197056.89;2016-07-07;BTG PACTUAL SERVIÇOS FINANCEIROS S.A. DTVM
11.026.627/0001-38;2017-12-01;1;Cotas do FII Hospital Nossa Senhora de Lourdes;AQUISIÇÃO;2017-07-04;11451.98;2016-07-07;BTG PACTUAL SERVIÇOS FINANCEIROS S.A. DTVM
11.026.627/0001-38;2017-12-01;1;Cotas do FII Hospital Nossa Senhora de Lourdes;AQUISIÇÃO;2017-07-03;164053.92;2016-07-07;BTG PACTUAL SERVIÇOS FINANCEIROS S.A. DTVM
11.026.627/0001-38;2017-12-01;1;Cotas do FII Hospital Nossa Senhora de Lourdes;AQUISIÇÃO;2017-06-30;20788.36;2016-07-07;BTG PACTUAL SERVIÇOS FINANCEIROS S.A. DTVM
11.026.627/0001-38;2017-12-01;1;Cotas do FII Hospital Nossa Senhora de Lourdes;AQUISIÇÃO;2017-06-29;225.2;2016-07-07;BTG PACTUAL SERVIÇOS FINANCEIROS S.A. DTVM
11.026.627/0001-38;2017-12-01;1;Cotas do FII Hospital Nossa Senhora de Lourdes;AQUISIÇÃO;2017-06-27;38773.97;2016-07-07;BTG PACTUAL SERVIÇOS FINANCEIROS S.A. DTVM
11.026.627/0001-38;2017-12-01;1;Cotas do FII Hospital Nossa Senhora de Lourdes;AQUISIÇÃO;2017-06-26;113517.96;2016-07-07;BTG PACTUAL SERVIÇOS FINANCEIROS S.A. DTVM
11.026.627/0001-38;2017-12-01;1;Cotas do FII Hospital Nossa Senhora de Lourdes;AQUISIÇÃO;2017-06-23;35060.4;2016-07-07;BTG PACTUAL SERVIÇOS FINANCEIROS S.A. DTVM
11.026.627/0001-38;2017-12-01;1;Cotas do FII Hospital Nossa Senhora de Lourdes;AQUISIÇÃO;2017-06-21;11206.24;2016-07-07;BTG PACTUAL SERVIÇOS FINANCEIROS S.A. DTVM
11.026.627/0001-38;2017-12-01;1;Cotas do FII Hospital Nossa Senhora de Lourdes;AQUISIÇÃO;2017-06-20;134376.84;2016-07-07;BTG PACTUAL SERVIÇOS FINANCEIROS S.A. DTVM
11.026.627/0001-38;2017-12-01;1;Cotas do FII Hospital Nossa Senhora de Lourdes;AQUISIÇÃO;2017-06-19;442.88;2016-07-07;BTG PACTUAL SERVIÇOS FINANCEIROS S.A. DTVM
11.026.627/0001-38;2017-12-01;1;Cotas do FII Hospital Nossa Senhora de Lourdes;AQUISIÇÃO;2017-06-16;3068.52;2016-07-07;BTG PACTUAL SERVIÇOS FINANCEIROS S.A. DTVM
11.026.627/0001-38;2017-12-01;1;Cotas do FII Hospital Nossa Senhora de Lourdes;AQUISIÇÃO;2017-06-14;5260.34;2016-07-07;BTG PACTUAL SERVIÇOS FINANCEIROS S.A. DTVM
11.026.627/0001-38;2017-12-01;1;Cotas do FII Hospital Nossa Senhora de Lourdes;AQUISIÇÃO;2017-06-13;4838.27;2016-07-07;BTG PACTUAL SERVIÇOS FINANCEIROS S.A. DTVM
11.026.627/0001-38;2017-12-01;1;Cotas do FII Hospital Nossa Senhora de Lourdes;AQUISIÇÃO;2017-06-12;11007.57;2016-07-07;BTG PACTUAL SERVIÇOS FINANCEIROS S.A. DTVM
11.026.627/0001-38;2017-12-01;1;Cotas do FII Hospital Nossa Senhora de Lourdes;AQUISIÇÃO;2017-06-09;17612.11;2016-07-07;BTG PACTUAL SERVIÇOS FINANCEIROS S.A. DTVM
11.026.627/0001-38;2017-12-01;1;Cotas do FII Hospital Nossa Senhora de Lourdes;AQUISIÇÃO;2017-06-08;136297.29;2016-07-07;BTG PACTUAL SERVIÇOS FINANCEIROS S.A. DTVM
11.026.627/0001-38;2017-12-01;1;Cotas do FII Hospital Nossa Senhora de Lourdes;AQUISIÇÃO;2017-06-07;8035.62;2016-07-07;BTG PACTUAL SERVIÇOS FINANCEIROS S.A. DTVM
11.026.627/0001-38;2017-12-01;1;Cotas do FII Hospital Nossa Senhora de Lourdes;AQUISIÇÃO;2017-06-06;12269.02;2016-07-07;BTG PACTUAL SERVIÇOS FINANCEIROS S.A. DTVM
11.026.627/0001-38;2017-12-01;1;Cotas do FII Hospital Nossa Senhora de Lourdes;AQUISIÇÃO;2017-06-02;10772.32;2016-07-07;BTG PACTUAL SERVIÇOS FINANCEIROS S.A. DTVM
11.026.627/0001-38;2017-12-01;1;Cotas do FII Hospital Nossa Senhora de Lourdes;AQUISIÇÃO;2017-06-01;28697.74;2016-07-07;BTG PACTUAL SERVIÇOS FINANCEIROS S.A. DTVM
11.026.627/0001-38;2017-12-01;1;Cotas do FII Hospital Nossa Senhora de Lourdes;AQUISIÇÃO;2017-05-30;33249.82;2016-07-07;BTG PACTUAL SERVIÇOS FINANCEIROS S.A. DTVM
11.026.627/0001-38;2017-12-01;1;Cotas do FII Hospital Nossa Senhora de Lourdes;AQUISIÇÃO;2017-05-29;42969.97;2016-07-07;BTG PACTUAL SERVIÇOS FINANCEIROS S.A. DTVM
11.026.627/0001-38;2017-12-01;1;Cotas do FII Hospital Nossa Senhora de Lourdes;AQUISIÇÃO;2017-05-26;11146.96;2016-07-07;BTG PACTUAL SERVIÇOS FINANCEIROS S.A. DTVM
11.026.627/0001-38;2017-12-01;1;Cotas do FII Hospital Nossa Senhora de Lourdes;AQUISIÇÃO;2017-05-25;17455.16;2016-07-07;BTG PACTUAL SERVIÇOS FINANCEIROS S.A. DTVM
11.026.627/0001-38;2017-12-01;1;Cotas do FII Hospital Nossa Senhora de Lourdes;AQUISIÇÃO;2017-05-24;46906.32;2016-07-07;BTG PACTUAL SERVIÇOS FINANCEIROS S.A. DTVM
11.026.627/0001-38;2017-12-01;1;Cotas do FII Hospital Nossa Senhora de Lourdes;AQUISIÇÃO;2017-05-18;10335.75;2016-07-07;BTG PACTUAL SERVIÇOS FINANCEIROS S.A. DTVM
11.026.627/0001-38;2017-12-01;1;Cotas do FII Hospital Nossa Senhora de Lourdes;AQUISIÇÃO;2017-02-09;149471.43;2016-07-07;BTG PACTUAL SERVIÇOS FINANCEIROS S.A. DTVM
11.026.627/0001-38;2017-12-01;1;Cotas do FII Hospital Nossa Senhora de Lourdes;AQUISIÇÃO;2017-02-08;39299.08;2016-07-07;BTG PACTUAL SERVIÇOS FINANCEIROS S.A. DTVM
11.026.627/0001-38;2017-12-01;1;Cotas do FII Hospital Nossa Senhora de Lourdes;AQUISIÇÃO;2017-02-07;49419.48;2016-07-07;BTG PACTUAL SERVIÇOS FINANCEIROS S.A. DTVM
11.026.627/0001-38;2017-12-01;1;Cotas do FII Hospital Nossa Senhora de Lourdes;AQUISIÇÃO;2017-01-27;110095.18;2016-07-07;BTG PACTUAL SERVIÇOS FINANCEIROS S.A. DTVM
11.026.627/0001-38;2017-12-01;1;Cotas do FII Hospital Nossa Senhora de Lourdes;AQUISIÇÃO;2017-01-24;8985.09;2016-07-07;BTG PACTUAL SERVIÇOS FINANCEIROS S.A. DTVM
11.026.627/0001-38;2017-12-01;1;Cotas do FII Hospital Nossa Senhora de Lourdes;AQUISIÇÃO;2017-01-23;149095.91;2016-07-07;BTG PACTUAL SERVIÇOS FINANCEIROS S.A. DTVM
11.026.627/0001-38;2017-12-01;1;Cotas do FII Hospital Nossa Senhora de Lourdes;AQUISIÇÃO;2017-01-06;116072.81;2016-07-07;BTG PACTUAL SERVIÇOS FINANCEIROS S.A. DTVM
11.026.627/0001-38;2017-12-01;1;Cotas do FII BTG Pactual Fundo de CRI;AQUISIÇÃO;2017-12-22;511173.54;2016-07-07;BTG PACTUAL SERVIÇOS FINANCEIROS S.A. DTVM
11.026.627/0001-38;2017-12-01;1;Cotas do FII BTG Pactual Fundo de CRI;AQUISIÇÃO;2017-12-21;195961.9;2016-07-07;BTG PACTUAL SERVIÇOS FINANCEIROS S.A. DTVM
11.026.627/0001-38;2017-12-01;1;Cotas do FII BTG Pactual Fundo de CRI;AQUISIÇÃO;2017-12-20;40794.77;2016-07-07;BTG PACTUAL SERVIÇOS FINANCEIROS S.A. DTVM
11.026.627/0001-38;2017-12-01;1;Cotas do FII BTG Pactual Fundo de CRI;AQUISIÇÃO;2017-12-19;22519.32;2016-07-07;BTG PACTUAL SERVIÇOS FINANCEIROS S.A. DTVM
11.026.627/0001-38;2017-12-01;1;Cotas do FII BTG Pactual Fundo de CRI;AQUISIÇÃO;2017-12-18;481150.55;2016-07-07;BTG PACTUAL SERVIÇOS FINANCEIROS S.A. DTVM
11.026.627/0001-38;2017-12-01;1;Cotas do FII BTG Pactual Fundo de CRI;AQUISIÇÃO;2017-12-15;42523.7;2016-07-07;BTG PACTUAL SERVIÇOS FINANCEIROS S.A. DTVM
11.026.627/0001-38;2017-12-01;1;Cotas do FII BTG Pactual Fundo de CRI;AQUISIÇÃO;2017-12-14;40028.06;2016-07-07;BTG PACTUAL SERVIÇOS FINANCEIROS S.A. DTVM
11.026.627/0001-38;2017-12-01;1;Cotas do FII BTG Pactual Fundo de CRI;AQUISIÇÃO;2017-12-13;166917.83;2016-07-07;BTG PACTUAL SERVIÇOS FINANCEIROS S.A. DTVM
11.026.627/0001-38;2017-12-01;1;Cotas do FII BTG Pactual Fundo de CRI;AQUISIÇÃO;2017-12-12;101389.87;2016-07-07;BTG PACTUAL SERVIÇOS FINANCEIROS S.A. DTVM
11.026.627/0001-38;2017-12-01;1;Cotas do FII BTG Pactual Fundo de CRI;AQUISIÇÃO;2017-12-11;291152.31;2016-07-07;BTG PACTUAL SERVIÇOS FINANCEIROS S.A. DTVM
11.026.627/0001-38;2017-12-01;1;Cotas do FII BTG Pactual Fundo de CRI;AQUISIÇÃO;2017-12-08;450436.02;2016-07-07;BTG PACTUAL SERVIÇOS FINANCEIROS S.A. DTVM
11.026.627/0001-38;2017-12-01;1;Cotas do FII BTG Pactual Fundo de CRI;AQUISIÇÃO;2017-12-07;149882.4;2016-07-07;BTG PACTUAL SERVIÇOS FINANCEIROS S.A. DTVM
11.026.627/0001-38;2017-12-01;1;Cotas do FII BTG Pactual Fundo de CRI;AQUISIÇÃO;2017-12-06;102742.26;2016-07-07;BTG PACTUAL SERVIÇOS FINANCEIROS S.A. DTVM
11.026.627/0001-38;2017-12-01;1;Cotas do FII BTG Pactual Fundo de CRI;AQUISIÇÃO;2017-12-05;7887.31;2016-07-07;BTG PACTUAL SERVIÇOS FINANCEIROS S.A. DTVM
11.026.627/0001-38;2017-12-01;1;Cotas do FII BTG Pactual Fundo de CRI;AQUISIÇÃO;2017-12-04;51375.15;2016-07-07;BTG PACTUAL SERVIÇOS FINANCEIROS S.A. DTVM
11.026.627/0001-38;2017-12-01;1;Cotas do FII BTG Pactual Fundo de CRI;AQUISIÇÃO;2017-12-01;84418.06;2016-07-07;BTG PACTUAL SERVIÇOS FINANCEIROS S.A. DTVM
11.026.627/0001-38;2017-12-01;1;Cotas do FII BTG Pactual Fundo de CRI;AQUISIÇÃO;2017-11-30;145341.15;2016-07-07;BTG PACTUAL SERVIÇOS FINANCEIROS S.A. DTVM
11.026.627/0001-38;2017-12-01;1;Cotas do FII BTG Pactual Fundo de CRI;AQUISIÇÃO;2017-11-29;115475.96;2016-07-07;BTG PACTUAL SERVIÇOS FINANCEIROS S.A. DTVM
11.026.627/0001-38;2017-12-01;1;Cotas do FII BTG Pactual Fundo de CRI;AQUISIÇÃO;2017-11-28;10884.86;2016-07-07;BTG PACTUAL SERVIÇOS FINANCEIROS S.A. DTVM
11.026.627/0001-38;2017-12-01;1;Cotas do FII BTG Pactual Fundo de CRI;AQUISIÇÃO;2017-11-27;61159.68;2016-07-07;BTG PACTUAL SERVIÇOS FINANCEIROS S.A. DTVM
11.026.627/0001-38;2017-12-01;1;Cotas do FII BTG Pactual Fundo de CRI;AQUISIÇÃO;2017-11-24;162968.41;2016-07-07;BTG PACTUAL SERVIÇOS FINANCEIROS S.A. DTVM
11.026.627/0001-38;2017-12-01;1;Cotas do FII BTG Pactual Fundo de CRI;AQUISIÇÃO;2017-11-23;113626.72;2016-07-07;BTG PACTUAL SERVIÇOS FINANCEIROS S.A. DTVM
11.026.627/0001-38;2017-12-01;1;Cotas do FII BTG Pactual Fundo de CRI;AQUISIÇÃO;2017-11-22;39277.17;2016-07-07;BTG PACTUAL SERVIÇOS FINANCEIROS S.A. DTVM
11.026.627/0001-38;2017-12-01;1;Cotas do FII BTG Pactual Fundo de CRI;AQUISIÇÃO;2017-11-21;103703.88;2016-07-07;BTG PACTUAL SERVIÇOS FINANCEIROS S.A. DTVM
11.026.627/0001-38;2017-12-01;1;Cotas do FII BTG Pactual Fundo de CRI;AQUISIÇÃO;2017-11-17;125175.76;2016-07-07;BTG PACTUAL SERVIÇOS FINANCEIROS S.A. DTVM
11.026.627/0001-38;2017-12-01;1;Cotas do FII BTG Pactual Fundo de CRI;AQUISIÇÃO;2017-11-16;519858.49;2016-07-07;BTG PACTUAL SERVIÇOS FINANCEIROS S.A. DTVM
11.026.627/0001-38;2017-12-01;1;Cotas do FII BTG Pactual Fundo de CRI;AQUISIÇÃO;2017-11-14;147997;2016-07-07;BTG PACTUAL SERVIÇOS FINANCEIROS S.A. DTVM
11.026.627/0001-38;2017-12-01;1;Cotas do FII BTG Pactual Fundo de CRI;AQUISIÇÃO;2017-11-13;774775.26;2016-07-07;BTG PACTUAL SERVIÇOS FINANCEIROS S.A. DTVM
11.026.627/0001-38;2017-12-01;1;Cotas do FII BTG Pactual Fundo de CRI;AQUISIÇÃO;2017-10-16;258032.02;2016-07-07;BTG PACTUAL SERVIÇOS FINANCEIROS S.A. DTVM
11.026.627/0001-38;2017-12-01;1;Cotas do FII BTG Pactual Fundo de CRI;AQUISIÇÃO;2017-10-13;49751.07;2016-07-07;BTG PACTUAL SERVIÇOS FINANCEIROS S.A. DTVM
11.026.627/0001-38;2017-12-01;1;Cotas do FII BTG Pactual Fundo de CRI;AQUISIÇÃO;2017-10-11;115512.21;2016-07-07;BTG PACTUAL SERVIÇOS FINANCEIROS S.A. DTVM
11.026.627/0001-38;2017-12-01;1;Cotas do FII BTG Pactual Fundo de CRI;AQUISIÇÃO;2017-10-10;10620.06;2016-07-07;BTG PACTUAL SERVIÇOS FINANCEIROS S.A. DTVM
11.026.627/0001-38;2017-12-01;1;Cotas do FII BTG Pactual Fundo de CRI;AQUISIÇÃO;2017-09-28;9953.98;2016-07-07;BTG PACTUAL SERVIÇOS FINANCEIROS S.A. DTVM
11.026.627/0001-38;2017-12-01;1;Cotas do FII BTG Pactual Fundo de CRI;AQUISIÇÃO;2017-09-26;340211.12;2016-07-07;BTG PACTUAL SERVIÇOS FINANCEIROS S.A. DTVM
11.026.627/0001-38;2017-12-01;1;Cotas do FII BTG Pactual Fundo de CRI;AQUISIÇÃO;2017-09-25;68265.16;2016-07-07;BTG PACTUAL SERVIÇOS FINANCEIROS S.A. DTVM
11.026.627/0001-38;2017-12-01;1;Cotas do FII BTG Pactual Fundo de CRI;AQUISIÇÃO;2017-09-22;192085.72;2016-07-07;BTG PACTUAL SERVIÇOS FINANCEIROS S.A. DTVM
11.026.627/0001-38;2017-12-01;1;Cotas do FII BTG Pactual Fundo de CRI;AQUISIÇÃO;2017-09-21;299522.68;2016-07-07;BTG PACTUAL SERVIÇOS FINANCEIROS S.A. DTVM
11.026.627/0001-38;2017-12-01;1;Cotas do FII BTG Pactual Fundo de CRI;AQUISIÇÃO;2017-09-20;72776.94;2016-07-07;BTG PACTUAL SERVIÇOS FINANCEIROS S.A. DTVM
11.026.627/0001-38;2017-12-01;1;Cotas do FII BTG Pactual Fundo de CRI;AQUISIÇÃO;2017-09-19;335223.39;2016-07-07;BTG PACTUAL SERVIÇOS FINANCEIROS S.A. DTVM
11.026.627/0001-38;2017-12-01;1;Cotas do FII BTG Pactual Fundo de CRI;AQUISIÇÃO;2017-09-18;84490.64;2016-07-07;BTG PACTUAL SERVIÇOS FINANCEIROS S.A. DTVM
11.026.627/0001-38;2017-12-01;1;Cotas do FII BTG Pactual Fundo de CRI;AQUISIÇÃO;2017-09-15;132891.07;2016-07-07;BTG PACTUAL SERVIÇOS FINANCEIROS S.A. DTVM
11.026.627/0001-38;2017-12-01;1;Cotas do FII BTG Pactual Fundo de CRI;AQUISIÇÃO;2017-09-14;65764.83;2016-07-07;BTG PACTUAL SERVIÇOS FINANCEIROS S.A. DTVM
11.026.627/0001-38;2017-12-01;1;Cotas do FII BTG Pactual Fundo de CRI;AQUISIÇÃO;2017-09-13;33166.42;2016-07-07;BTG PACTUAL SERVIÇOS FINANCEIROS S.A. DTVM
11.026.627/0001-38;2017-12-01;1;Cotas do FII BTG Pactual Fundo de CRI;AQUISIÇÃO;2017-09-12;155718.7;2016-07-07;BTG PACTUAL SERVIÇOS FINANCEIROS S.A. DTVM
11.026.627/0001-38;2017-12-01;1;Cotas do FII BTG Pactual Fundo de CRI;AQUISIÇÃO;2017-09-11;254039.3;2016-07-07;BTG PACTUAL SERVIÇOS FINANCEIROS S.A. DTVM
11.026.627/0001-38;2017-12-01;1;Cotas do FII BTG Pactual Fundo de CRI;AQUISIÇÃO;2017-09-08;141376.92;2016-07-07;BTG PACTUAL SERVIÇOS FINANCEIROS S.A. DTVM
11.026.627/0001-38;2017-12-01;1;Cotas do FII BTG Pactual Fundo de CRI;AQUISIÇÃO;2017-09-06;133818.27;2016-07-07;BTG PACTUAL SERVIÇOS FINANCEIROS S.A. DTVM
11.026.627/0001-38;2017-12-01;1;Cotas do FII BTG Pactual Fundo de CRI;AQUISIÇÃO;2017-09-05;175566.04;2016-07-07;BTG PACTUAL SERVIÇOS FINANCEIROS S.A. DTVM
11.026.627/0001-38;2017-12-01;1;Cotas do FII BTG Pactual Fundo de CRI;AQUISIÇÃO;2017-09-04;103258.25;2016-07-07;BTG PACTUAL SERVIÇOS FINANCEIROS S.A. DTVM
11.026.627/0001-38;2017-12-01;1;Cotas do FII BTG Pactual Fundo de CRI;AQUISIÇÃO;2017-09-01;53028.8;2016-07-07;BTG PACTUAL SERVIÇOS FINANCEIROS S.A. DTVM
11.026.627/0001-38;2017-12-01;1;Cotas do FII BTG Pactual Fundo de CRI;AQUISIÇÃO;2017-08-31;260252.81;2016-07-07;BTG PACTUAL SERVIÇOS FINANCEIROS S.A. DTVM
11.026.627/0001-38;2017-12-01;1;Cotas do FII BTG Pactual Fundo de CRI;AQUISIÇÃO;2017-08-30;14705.99;2016-07-07;BTG PACTUAL SERVIÇOS FINANCEIROS S.A. DTVM
11.026.627/0001-38;2017-12-01;1;Cotas do FII BTG Pactual Fundo de CRI;AQUISIÇÃO;2017-08-29;151935.72;2016-07-07;BTG PACTUAL SERVIÇOS FINANCEIROS S.A. DTVM
11.026.627/0001-38;2017-12-01;1;Cotas do FII BTG Pactual Fundo de CRI;AQUISIÇÃO;2017-08-28;233698.46;2016-07-07;BTG PACTUAL SERVIÇOS FINANCEIROS S.A. DTVM
11.026.627/0001-38;2017-12-01;1;Cotas do FII BTG Pactual Fundo de CRI;AQUISIÇÃO;2017-08-25;263234.27;2016-07-07;BTG PACTUAL SERVIÇOS FINANCEIROS S.A. DTVM
11.026.627/0001-38;2017-12-01;1;Cotas do FII BTG Pactual Fundo de CRI;AQUISIÇÃO;2017-08-24;231518.91;2016-07-07;BTG PACTUAL SERVIÇOS FINANCEIROS S.A. DTVM
11.026.627/0001-38;2017-12-01;1;Cotas do FII BTG Pactual Fundo de CRI;AQUISIÇÃO;2017-08-23;210615.1;2016-07-07;BTG PACTUAL SERVIÇOS FINANCEIROS S.A. DTVM
11.026.627/0001-38;2017-12-01;1;Cotas do FII BTG Pactual Fundo de CRI;AQUISIÇÃO;2017-08-22;346379.4;2016-07-07;BTG PACTUAL SERVIÇOS FINANCEIROS S.A. DTVM
11.026.627/0001-38;2017-12-01;1;Cotas do FII BTG Pactual Fundo de CRI;AQUISIÇÃO;2017-08-21;335674.88;2016-07-07;BTG PACTUAL SERVIÇOS FINANCEIROS S.A. DTVM
11.026.627/0001-38;2017-12-01;1;Cotas do FII BTG Pactual Fundo de CRI;AQUISIÇÃO;2017-08-18;219888.92;2016-07-07;BTG PACTUAL SERVIÇOS FINANCEIROS S.A. DTVM
11.026.627/0001-38;2017-12-01;1;Cotas do FII BTG Pactual Fundo de CRI;AQUISIÇÃO;2017-08-17;195425.96;2016-07-07;BTG PACTUAL SERVIÇOS FINANCEIROS S.A. DTVM
11.026.627/0001-38;2017-12-01;1;Cotas do FII BTG Pactual Fundo de CRI;AQUISIÇÃO;2017-08-16;338999.77;2016-07-07;BTG PACTUAL SERVIÇOS FINANCEIROS S.A. DTVM
11.026.627/0001-38;2017-12-01;1;Cotas do FII BTG Pactual Fundo de CRI;AQUISIÇÃO;2017-08-15;264787.32;2016-07-07;BTG PACTUAL SERVIÇOS FINANCEIROS S.A. DTVM
11.026.627/0001-38;2017-12-01;1;Cotas do FII BTG Pactual Fundo de CRI;AQUISIÇÃO;2017-08-14;348505.82;2016-07-07;BTG PACTUAL SERVIÇOS FINANCEIROS S.A. DTVM
11.026.627/0001-38;2017-12-01;1;Cotas do FII BTG Pactual Fundo de CRI;AQUISIÇÃO;2017-08-11;1232750.22;2016-07-07;BTG PACTUAL SERVIÇOS FINANCEIROS S.A. DTVM
11.026.627/0001-38;2017-12-01;1;Cotas do FII BTG Pactual Fundo de CRI;AQUISIÇÃO;2017-08-10;296185.28;2016-07-07;BTG PACTUAL SERVIÇOS FINANCEIROS S.A. DTVM
11.026.627/0001-38;2017-12-01;1;Cotas do FII BTG Pactual Fundo de CRI;AQUISIÇÃO;2017-08-09;357488.18;2016-07-07;BTG PACTUAL SERVIÇOS FINANCEIROS S.A. DTVM
11.026.627/0001-38;2017-12-01;1;Cotas do FII BTG Pactual Fundo de CRI;AQUISIÇÃO;2017-08-08;734967.16;2016-07-07;BTG PACTUAL SERVIÇOS FINANCEIROS S.A. DTVM
11.026.627/0001-38;2017-12-01;1;Cotas do FII BTG Pactual Fundo de CRI;AQUISIÇÃO;2017-08-07;158847.23;2016-07-07;BTG PACTUAL SERVIÇOS FINANCEIROS S.A. DTVM
11.026.627/0001-38;2017-12-01;1;Cotas do FII BTG Pactual Fundo de CRI;AQUISIÇÃO;2017-08-04;165827.04;2016-07-07;BTG PACTUAL SERVIÇOS FINANCEIROS S.A. DTVM
11.026.627/0001-38;2017-12-01;1;Cotas do FII BTG Pactual Fundo de CRI;AQUISIÇÃO;2017-08-03;244763.89;2016-07-07;BTG PACTUAL SERVIÇOS FINANCEIROS S.A. DTVM
11.026.627/0001-38;2017-12-01;1;Cotas do FII BTG Pactual Fundo de CRI;AQUISIÇÃO;2017-08-02;117616.33;2016-07-07;BTG PACTUAL SERVIÇOS FINANCEIROS S.A. DTVM
11.026.627/0001-38;2017-12-01;1;Cotas do FII BTG Pactual Fundo de CRI;AQUISIÇÃO;2017-08-01;423743.67;2016-07-07;BTG PACTUAL SERVIÇOS FINANCEIROS S.A. DTVM
11.026.627/0001-38;2017-12-01;1;Cotas do FII BTG Pactual Fundo de CRI;AQUISIÇÃO;2017-07-31;223470.09;2016-07-07;BTG PACTUAL SERVIÇOS FINANCEIROS S.A. DTVM
11.026.627/0001-38;2017-12-01;1;Cotas do FII BTG Pactual Fundo de CRI;AQUISIÇÃO;2017-07-28;88828.61;2016-07-07;BTG PACTUAL SERVIÇOS FINANCEIROS S.A. DTVM
11.026.627/0001-38;2017-12-01;1;Cotas do FII BTG Pactual Fundo de CRI;AQUISIÇÃO;2017-07-27;143624.71;2016-07-07;BTG PACTUAL SERVIÇOS FINANCEIROS S.A. DTVM
11.026.627/0001-38;2017-12-01;1;Cotas do FII BTG Pactual Fundo de CRI;AQUISIÇÃO;2017-07-26;306904.8;2016-07-07;BTG PACTUAL SERVIÇOS FINANCEIROS S.A. DTVM
11.026.627/0001-38;2017-12-01;1;Cotas do FII BTG Pactual Fundo de CRI;AQUISIÇÃO;2017-07-25;91210.27;2016-07-07;BTG PACTUAL SERVIÇOS FINANCEIROS S.A. DTVM
11.026.627/0001-38;2017-12-01;1;Cotas do FII BTG Pactual Fundo de CRI;AQUISIÇÃO;2017-07-24;132347.41;2016-07-07;BTG PACTUAL SERVIÇOS FINANCEIROS S.A. DTVM
11.026.627/0001-38;2017-12-01;1;Cotas do FII BTG Pactual Fundo de CRI;AQUISIÇÃO;2017-07-21;268251.38;2016-07-07;BTG PACTUAL SERVIÇOS FINANCEIROS S.A. DTVM
11.026.627/0001-38;2017-12-01;1;Cotas do FII BTG Pactual Fundo de CRI;AQUISIÇÃO;2017-07-20;164130.75;2016-07-07;BTG PACTUAL SERVIÇOS FINANCEIROS S.A. DTVM
11.026.627/0001-38;2017-12-01;1;Cotas do FII BTG Pactual Fundo de CRI;AQUISIÇÃO;2017-07-19;92377.57;2016-07-07;BTG PACTUAL SERVIÇOS FINANCEIROS S.A. DTVM
11.026.627/0001-38;2017-12-01;1;Cotas do FII BTG Pactual Fundo de CRI;AQUISIÇÃO;2017-07-18;51460.94;2016-07-07;BTG PACTUAL SERVIÇOS FINANCEIROS S.A. DTVM
11.026.627/0001-38;2017-12-01;1;Cotas do FII BTG Pactual Fundo de CRI;AQUISIÇÃO;2017-07-17;541727.42;2016-07-07;BTG PACTUAL SERVIÇOS FINANCEIROS S.A. DTVM
11.026.627/0001-38;2017-12-01;1;Cotas do FII BTG Pactual Fundo de CRI;AQUISIÇÃO;2017-07-13;152115.89;2016-07-07;BTG PACTUAL SERVIÇOS FINANCEIROS S.A. DTVM
11.026.627/0001-38;2017-12-01;1;Cotas do FII BTG Pactual Fundo de CRI;AQUISIÇÃO;2017-07-12;171094.9;2016-07-07;BTG PACTUAL SERVIÇOS FINANCEIROS S.A. DTVM
11.026.627/0001-38;2017-12-01;1;Cotas do FII BTG Pactual Fundo de CRI;AQUISIÇÃO;2017-07-11;329331.29;2016-07-07;BTG PACTUAL SERVIÇOS FINANCEIROS S.A. DTVM
11.026.627/0001-38;2017-12-01;1;Cotas do FII BTG Pactual Fundo de CRI;AQUISIÇÃO;2017-07-10;395030.14;2016-07-07;BTG PACTUAL SERVIÇOS FINANCEIROS S.A. DTVM
11.026.627/0001-38;2017-12-01;1;Cotas do FII BTG Pactual Fundo de CRI;AQUISIÇÃO;2017-07-07;202192.66;2016-07-07;BTG PACTUAL SERVIÇOS FINANCEIROS S.A. DTVM
11.026.627/0001-38;2017-12-01;1;Cotas do FII BTG Pactual Fundo de CRI;AQUISIÇÃO;2017-07-06;272170.31;2016-07-07;BTG PACTUAL SERVIÇOS FINANCEIROS S.A. DTVM
11.026.627/0001-38;2017-12-01;1;Cotas do FII BTG Pactual Fundo de CRI;AQUISIÇÃO;2017-07-05;221677;2016-07-07;BTG PACTUAL SERVIÇOS FINANCEIROS S.A. DTVM
11.026.627/0001-38;2017-12-01;1;Cotas do FII BTG Pactual Fundo de CRI;AQUISIÇÃO;2017-07-04;184801.73;2016-07-07;BTG PACTUAL SERVIÇOS FINANCEIROS S.A. DTVM
11.026.627/0001-38;2017-12-01;1;Cotas do FII BTG Pactual Fundo de CRI;AQUISIÇÃO;2017-07-03;198336.06;2016-07-07;BTG PACTUAL SERVIÇOS FINANCEIROS S.A. DTVM
11.026.627/0001-38;2017-12-01;1;Cotas do FII BTG Pactual Fundo de CRI;AQUISIÇÃO;2017-06-30;175129.9;2016-07-07;BTG PACTUAL SERVIÇOS FINANCEIROS S.A. DTVM
11.026.627/0001-38;2017-12-01;1;Cotas do FII BTG Pactual Fundo de CRI;AQUISIÇÃO;2017-06-29;531750.59;2016-07-07;BTG PACTUAL SERVIÇOS FINANCEIROS S.A. DTVM
11.026.627/0001-38;2017-12-01;1;Cotas do FII BTG Pactual Fundo de CRI;AQUISIÇÃO;2017-06-28;206930.37;2016-07-07;BTG PACTUAL SERVIÇOS FINANCEIROS S.A. DTVM
11.026.627/0001-38;2017-12-01;1;Cotas do FII BTG Pactual Fundo de CRI;AQUISIÇÃO;2017-06-27;223911.06;2016-07-07;BTG PACTUAL SERVIÇOS FINANCEIROS S.A. DTVM
11.026.627/0001-38;2017-12-01;1;Cotas do FII BTG Pactual Fundo de CRI;AQUISIÇÃO;2017-06-26;93592.15;2016-07-07;BTG PACTUAL SERVIÇOS FINANCEIROS S.A. DTVM
11.026.627/0001-38;2017-12-01;1;Cotas do FII BTG Pactual Fundo de CRI;AQUISIÇÃO;2017-06-23;445965.54;2016-07-07;BTG PACTUAL SERVIÇOS FINANCEIROS S.A. DTVM
11.026.627/0001-38;2017-12-01;1;Cotas do FII BTG Pactual Fundo de CRI;AQUISIÇÃO;2017-06-22;151125.56;2016-07-07;BTG PACTUAL SERVIÇOS FINANCEIROS S.A. DTVM
11.026.627/0001-38;2017-12-01;1;Cotas do FII BTG Pactual Fundo de CRI;AQUISIÇÃO;2017-06-21;275799.24;2016-07-07;BTG PACTUAL SERVIÇOS FINANCEIROS S.A. DTVM
11.026.627/0001-38;2017-12-01;1;Cotas do FII BTG Pactual Fundo de CRI;AQUISIÇÃO;2017-06-20;203161.2;2016-07-07;BTG PACTUAL SERVIÇOS FINANCEIROS S.A. DTVM
11.026.627/0001-38;2017-12-01;1;Cotas do FII BTG Pactual Fundo de CRI;AQUISIÇÃO;2017-06-19;467495.72;2016-07-07;BTG PACTUAL SERVIÇOS FINANCEIROS S.A. DTVM
11.026.627/0001-38;2017-12-01;1;Cotas do FII BTG Pactual Fundo de CRI;AQUISIÇÃO;2017-06-16;297964.53;2016-07-07;BTG PACTUAL SERVIÇOS FINANCEIROS S.A. DTVM
11.026.627/0001-38;2017-12-01;1;Cotas do FII BTG Pactual Fundo de CRI;AQUISIÇÃO;2017-06-14;183207.16;2016-07-07;BTG PACTUAL SERVIÇOS FINANCEIROS S.A. DTVM
11.026.627/0001-38;2017-12-01;1;Cotas do FII BTG Pactual Fundo de CRI;AQUISIÇÃO;2017-06-13;158824.22;2016-07-07;BTG PACTUAL SERVIÇOS FINANCEIROS S.A. DTVM
11.026.627/0001-38;2017-12-01;1;Cotas do FII BTG Pactual Fundo de CRI;AQUISIÇÃO;2017-06-12;388344.35;2016-07-07;BTG PACTUAL SERVIÇOS FINANCEIROS S.A. DTVM
11.026.627/0001-38;2017-12-01;1;Cotas do FII BTG Pactual Fundo de CRI;AQUISIÇÃO;2017-06-09;249212.52;2016-07-07;BTG PACTUAL SERVIÇOS FINANCEIROS S.A. DTVM
11.026.627/0001-38;2017-12-01;1;Cotas do FII BTG Pactual Fundo de CRI;AQUISIÇÃO;2017-06-08;221726.34;2016-07-07;BTG PACTUAL SERVIÇOS FINANCEIROS S.A. DTVM
11.026.627/0001-38;2017-12-01;1;Cotas do FII BTG Pactual Fundo de CRI;AQUISIÇÃO;2017-06-07;827689.47;2016-07-07;BTG PACTUAL SERVIÇOS FINANCEIROS S.A. DTVM
11.026.627/0001-38;2017-12-01;1;Cotas do FII BTG Pactual Fundo de CRI;AQUISIÇÃO;2017-06-06;298168.96;2016-07-07;BTG PACTUAL SERVIÇOS FINANCEIROS S.A. DTVM
11.026.627/0001-38;2017-12-01;1;Cotas do FII BTG Pactual Fundo de CRI;AQUISIÇÃO;2017-06-05;457821.07;2016-07-07;BTG PACTUAL SERVIÇOS FINANCEIROS S.A. DTVM
11.026.627/0001-38;2017-12-01;1;Cotas do FII BTG Pactual Fundo de CRI;AQUISIÇÃO;2017-06-02;431110.08;2016-07-07;BTG PACTUAL SERVIÇOS FINANCEIROS S.A. DTVM
11.026.627/0001-38;2017-12-01;1;Cotas do FII BTG Pactual Fundo de CRI;AQUISIÇÃO;2017-06-01;27087.6;2016-07-07;BTG PACTUAL SERVIÇOS FINANCEIROS S.A. DTVM
11.026.627/0001-38;2017-12-01;1;Cotas do FII BTG Pactual Fundo de CRI;AQUISIÇÃO;2017-05-31;118126.31;2016-07-07;BTG PACTUAL SERVIÇOS FINANCEIROS S.A. DTVM
11.026.627/0001-38;2017-12-01;1;Cotas do FII BTG Pactual Fundo de CRI;AQUISIÇÃO;2017-05-30;192265.73;2016-07-07;BTG PACTUAL SERVIÇOS FINANCEIROS S.A. DTVM
11.026.627/0001-38;2017-12-01;1;Cotas do FII BTG Pactual Fundo de CRI;AQUISIÇÃO;2017-05-29;26290.57;2016-07-07;BTG PACTUAL SERVIÇOS FINANCEIROS S.A. DTVM
11.026.627/0001-38;2017-12-01;1;Cotas do FII BTG Pactual Fundo de CRI;AQUISIÇÃO;2017-05-26;36703.65;2016-07-07;BTG PACTUAL SERVIÇOS FINANCEIROS S.A. DTVM
11.026.627/0001-38;2017-12-01;1;Cotas do FII BTG Pactual Fundo de CRI;AQUISIÇÃO;2017-05-25;142169.15;2016-07-07;BTG PACTUAL SERVIÇOS FINANCEIROS S.A. DTVM
11.026.627/0001-38;2017-12-01;1;Cotas do FII BTG Pactual Fundo de CRI;AQUISIÇÃO;2017-05-24;5216.31;2016-07-07;BTG PACTUAL SERVIÇOS FINANCEIROS S.A. DTVM
11.026.627/0001-38;2017-12-01;1;Cotas do FII BTG Pactual Fundo de CRI;AQUISIÇÃO;2017-05-23;76484.6;2016-07-07;BTG PACTUAL SERVIÇOS FINANCEIROS S.A. DTVM
11.026.627/0001-38;2017-12-01;1;Cotas do FII BTG Pactual Fundo de CRI;AQUISIÇÃO;2017-05-22;8355.39;2016-07-07;BTG PACTUAL SERVIÇOS FINANCEIROS S.A. DTVM
11.026.627/0001-38;2017-12-01;1;Cotas do FII BTG Pactual Fundo de CRI;AQUISIÇÃO;2017-05-19;24221.17;2016-07-07;BTG PACTUAL SERVIÇOS FINANCEIROS S.A. DTVM
11.026.627/0001-38;2017-12-01;1;Cotas do FII BTG Pactual Fundo de CRI;AQUISIÇÃO;2017-05-17;4655.86;2016-07-07;BTG PACTUAL SERVIÇOS FINANCEIROS S.A. DTVM
11.026.627/0001-38;2017-12-01;1;Cotas do FII BTG Pactual Fundo de CRI;AQUISIÇÃO;2017-05-16;180590.38;2016-07-07;BTG PACTUAL SERVIÇOS FINANCEIROS S.A. DTVM
11.026.627/0001-38;2017-12-01;1;Cotas do FII BTG Pactual Fundo de CRI;AQUISIÇÃO;2017-05-12;168305.4;2016-07-07;BTG PACTUAL SERVIÇOS FINANCEIROS S.A. DTVM
11.026.627/0001-38;2017-12-01;1;Cotas do FII BTG Pactual Fundo de CRI;AQUISIÇÃO;2017-05-10;607619.42;2016-07-07;BTG PACTUAL SERVIÇOS FINANCEIROS S.A. DTVM
11.026.627/0001-38;2017-12-01;1;Cotas do FII Ceo Cyrela;AQUISIÇÃO;2017-12-12;124142.91;2016-07-07;BTG PACTUAL SERVIÇOS FINANCEIROS S.A. DTVM
11.026.627/0001-38;2017-12-01;1;Cotas do FII Ceo Cyrela;AQUISIÇÃO;2017-11-29;8207.15;2016-07-07;BTG PACTUAL SERVIÇOS FINANCEIROS S.A. DTVM
11.026.627/0001-38;2017-12-01;1;Cotas do FII Ceo Cyrela;AQUISIÇÃO;2017-08-16;59556.56;2016-07-07;BTG PACTUAL SERVIÇOS FINANCEIROS S.A. DTVM
11.026.627/0001-38;2017-12-01;1;Cotas do FII Ceo Cyrela;AQUISIÇÃO;2017-08-15;6661.49;2016-07-07;BTG PACTUAL SERVIÇOS FINANCEIROS S.A. DTVM
11.026.627/0001-38;2017-12-01;1;Cotas do FII Ceo Cyrela;AQUISIÇÃO;2017-08-14;3574.59;2016-07-07;BTG PACTUAL SERVIÇOS FINANCEIROS S.A. DTVM
11.026.627/0001-38;2017-12-01;1;Cotas do FII Ceo Cyrela;AQUISIÇÃO;2017-08-10;17434.9;2016-07-07;BTG PACTUAL SERVIÇOS FINANCEIROS S.A. DTVM
11.026.627/0001-38;2017-12-01;1;Cotas do FII Ceo Cyrela;AQUISIÇÃO;2017-08-02;5292.05;2016-07-07;BTG PACTUAL SERVIÇOS FINANCEIROS S.A. DTVM
11.026.627/0001-38;2017-12-01;1;Cotas do FII Ceo Cyrela;AQUISIÇÃO;2017-08-01;11741.69;2016-07-07;BTG PACTUAL SERVIÇOS FINANCEIROS S.A. DTVM
11.026.627/0001-38;2017-12-01;1;Cotas do FII Ceo Cyrela;AQUISIÇÃO;2017-07-27;25157.17;2016-07-07;BTG PACTUAL SERVIÇOS FINANCEIROS S.A. DTVM
11.026.627/0001-38;2017-12-01;1;Cotas do FII Ceo Cyrela;AQUISIÇÃO;2017-07-26;18245.43;2016-07-07;BTG PACTUAL SERVIÇOS FINANCEIROS S.A. DTVM
11.026.627/0001-38;2017-12-01;1;Cotas do FII Ceo Cyrela;AQUISIÇÃO;2017-07-25;53203.04;2016-07-07;BTG PACTUAL SERVIÇOS FINANCEIROS S.A. DTVM
11.026.627/0001-38;2017-12-01;1;Cotas do FII Ceo Cyrela;AQUISIÇÃO;2017-07-24;19215.63;2016-07-07;BTG PACTUAL SERVIÇOS FINANCEIROS S.A. DTVM
11.026.627/0001-38;2017-12-01;1;Cotas do FII Ceo Cyrela;AQUISIÇÃO;2017-07-21;45847.9;2016-07-07;BTG PACTUAL SERVIÇOS FINANCEIROS S.A. DTVM
11.026.627/0001-38;2017-12-01;1;Cotas do FII Ceo Cyrela;AQUISIÇÃO;2017-07-20;2051.68;2016-07-07;BTG PACTUAL SERVIÇOS FINANCEIROS S.A. DTVM
11.026.627/0001-38;2017-12-01;1;Cotas do FII Ceo Cyrela;AQUISIÇÃO;2017-07-19;37092.2;2016-07-07;BTG PACTUAL SERVIÇOS FINANCEIROS S.A. DTVM
11.026.627/0001-38;2017-12-01;1;Cotas do FII Ceo Cyrela;AQUISIÇÃO;2017-07-18;12555.74;2016-07-07;BTG PACTUAL SERVIÇOS FINANCEIROS S.A. DTVM
11.026.627/0001-38;2017-12-01;1;Cotas do FII Ceo Cyrela;AQUISIÇÃO;2017-07-17;62811.97;2016-07-07;BTG PACTUAL SERVIÇOS FINANCEIROS S.A. DTVM
11.026.627/0001-38;2017-12-01;1;Cotas do FII Ceo Cyrela;AQUISIÇÃO;2017-07-14;26836.12;2016-07-07;BTG PACTUAL SERVIÇOS FINANCEIROS S.A. DTVM
11.026.627/0001-38;2017-12-01;1;Cotas do FII Ceo Cyrela;AQUISIÇÃO;2017-07-13;338321.13;2016-07-07;BTG PACTUAL SERVIÇOS FINANCEIROS S.A. DTVM
11.026.627/0001-38;2017-12-01;1;Cotas do FII Ceo Cyrela;AQUISIÇÃO;2017-07-10;164135.3;2016-07-07;BTG PACTUAL SERVIÇOS FINANCEIROS S.A. DTVM
11.026.627/0001-38;2017-12-01;1;Cotas do FII Ceo Cyrela;AQUISIÇÃO;2017-07-06;166136.95;2016-07-07;BTG PACTUAL SERVIÇOS FINANCEIROS S.A. DTVM
11.026.627/0001-38;2017-12-01;1;Cotas do FII Ceo Cyrela;AQUISIÇÃO;2017-07-05;124685.36;2016-07-07;BTG PACTUAL SERVIÇOS FINANCEIROS S.A. DTVM
11.026.627/0001-38;2017-12-01;1;Cotas do FII Ceo Cyrela;AQUISIÇÃO;2017-07-04;13122.83;2016-07-07;BTG PACTUAL SERVIÇOS FINANCEIROS S.A. DTVM
11.026.627/0001-38;2017-12-01;1;Cotas do FII Ceo Cyrela;AQUISIÇÃO;2017-07-03;43657.09;2016-07-07;BTG PACTUAL SERVIÇOS FINANCEIROS S.A. DTVM
11.026.627/0001-38;2017-12-01;1;Cotas do FII Ceo Cyrela;AQUISIÇÃO;2017-06-30;20170.62;2016-07-07;BTG PACTUAL SERVIÇOS FINANCEIROS S.A. DTVM
11.026.627/0001-38;2017-12-01;1;Cotas do FII Ceo Cyrela;AQUISIÇÃO;2017-06-29;50939.9;2016-07-07;BTG PACTUAL SERVIÇOS FINANCEIROS S.A. DTVM
11.026.627/0001-38;2017-12-01;1;Cotas do FII Ceo Cyrela;AQUISIÇÃO;2017-06-28;117832.99;2016-07-07;BTG PACTUAL SERVIÇOS FINANCEIROS S.A. DTVM
11.026.627/0001-38;2017-12-01;1;Cotas do FII Ceo Cyrela;AQUISIÇÃO;2017-06-27;122181.44;2016-07-07;BTG PACTUAL SERVIÇOS FINANCEIROS S.A. DTVM
11.026.627/0001-38;2017-12-01;1;Cotas do FII Ceo Cyrela;AQUISIÇÃO;2017-06-26;4202.46;2016-07-07;BTG PACTUAL SERVIÇOS FINANCEIROS S.A. DTVM
11.026.627/0001-38;2017-12-01;1;Cotas do FII Ceo Cyrela;AQUISIÇÃO;2017-06-23;73974.68;2016-07-07;BTG PACTUAL SERVIÇOS FINANCEIROS S.A. DTVM
11.026.627/0001-38;2017-12-01;1;Cotas do FII Ceo Cyrela;AQUISIÇÃO;2017-06-22;98354.05;2016-07-07;BTG PACTUAL SERVIÇOS FINANCEIROS S.A. DTVM
11.026.627/0001-38;2017-12-01;1;Cotas do FII Ceo Cyrela;AQUISIÇÃO;2017-06-21;47919.49;2016-07-07;BTG PACTUAL SERVIÇOS FINANCEIROS S.A. DTVM
11.026.627/0001-38;2017-12-01;1;Cotas do FII Ceo Cyrela;AQUISIÇÃO;2017-06-20;51460.2;2016-07-07;BTG PACTUAL SERVIÇOS FINANCEIROS S.A. DTVM
11.026.627/0001-38;2017-12-01;1;Cotas do FII Ceo Cyrela;AQUISIÇÃO;2017-05-24;54751.08;2016-07-07;BTG PACTUAL SERVIÇOS FINANCEIROS S.A. DTVM
11.026.627/0001-38;2017-12-01;1;Cotas do FII Ceo Cyrela;AQUISIÇÃO;2017-05-17;31982.01;2016-07-07;BTG PACTUAL SERVIÇOS FINANCEIROS S.A. DTVM
11.026.627/0001-38;2017-12-01;1;Cotas do FII Campus Faria Lima;AQUISIÇÃO;2017-10-19;6289.71;2016-07-07;BTG PACTUAL SERVIÇOS FINANCEIROS S.A. DTVM
11.026.627/0001-38;2017-12-01;1;Cotas do FII Campus Faria Lima;AQUISIÇÃO;2017-10-18;404152.65;2016-07-07;BTG PACTUAL SERVIÇOS FINANCEIROS S.A. DTVM
11.026.627/0001-38;2017-12-01;1;Cotas do FII Campus Faria Lima;AQUISIÇÃO;2017-06-05;1493230.42;2016-07-07;BTG PACTUAL SERVIÇOS FINANCEIROS S.A. DTVM
11.026.627/0001-38;2017-12-01;1;Cotas do FII Campus Faria Lima;AQUISIÇÃO;2017-01-06;54487.6;2016-07-07;BTG PACTUAL SERVIÇOS FINANCEIROS S.A. DTVM
11.026.627/0001-38;2017-12-01;1;Cotas do FII Anhanguera Educacional;AQUISIÇÃO;2017-10-25;4125.08;2016-07-07;BTG PACTUAL SERVIÇOS FINANCEIROS S.A. DTVM
11.026.627/0001-38;2017-12-01;1;Cotas do FII Anhanguera Educacional;AQUISIÇÃO;2017-10-23;2066.54;2016-07-07;BTG PACTUAL SERVIÇOS FINANCEIROS S.A. DTVM
11.026.627/0001-38;2017-12-01;1;Cotas do FII Anhanguera Educacional;AQUISIÇÃO;2017-10-20;33149.86;2016-07-07;BTG PACTUAL SERVIÇOS FINANCEIROS S.A. DTVM
11.026.627/0001-38;2017-12-01;1;Cotas do FII Anhanguera Educacional;AQUISIÇÃO;2017-10-19;8324.23;2016-07-07;BTG PACTUAL SERVIÇOS FINANCEIROS S.A. DTVM
11.026.627/0001-38;2017-12-01;1;Cotas do FII Anhanguera Educacional;AQUISIÇÃO;2017-08-28;41661.1;2016-07-07;BTG PACTUAL SERVIÇOS FINANCEIROS S.A. DTVM
11.026.627/0001-38;2017-12-01;1;Cotas do FII Anhanguera Educacional;AQUISIÇÃO;2017-08-24;85665.69;2016-07-07;BTG PACTUAL SERVIÇOS FINANCEIROS S.A. DTVM
11.026.627/0001-38;2017-12-01;1;Cotas do FII Anhanguera Educacional;AQUISIÇÃO;2017-08-23;18014.85;2016-07-07;BTG PACTUAL SERVIÇOS FINANCEIROS S.A. DTVM
11.026.627/0001-38;2017-12-01;1;Cotas do FII Anhanguera Educacional;AQUISIÇÃO;2017-08-22;8169.25;2016-07-07;BTG PACTUAL SERVIÇOS FINANCEIROS S.A. DTVM
11.026.627/0001-38;2017-12-01;1;Cotas do FII Anhanguera Educacional;AQUISIÇÃO;2017-08-21;12220.07;2016-07-07;BTG PACTUAL SERVIÇOS FINANCEIROS S.A. DTVM
11.026.627/0001-38;2017-12-01;1;Cotas do FII Anhanguera Educacional;AQUISIÇÃO;2017-08-16;16413.53;2016-07-07;BTG PACTUAL SERVIÇOS FINANCEIROS S.A. DTVM
11.026.627/0001-38;2017-12-01;1;Cotas do FII Anhanguera Educacional;AQUISIÇÃO;2017-08-14;15462.74;2016-07-07;BTG PACTUAL SERVIÇOS FINANCEIROS S.A. DTVM
11.026.627/0001-38;2017-12-01;1;Cotas do FII Anhanguera Educacional;AQUISIÇÃO;2017-08-11;421622.55;2016-07-07;BTG PACTUAL SERVIÇOS FINANCEIROS S.A. DTVM
11.026.627/0001-38;2017-12-01;1;Cotas do FII Anhanguera Educacional;AQUISIÇÃO;2017-08-10;20287.44;2016-07-07;BTG PACTUAL SERVIÇOS FINANCEIROS S.A. DTVM
11.026.627/0001-38;2017-12-01;1;Cotas do FII Anhanguera Educacional;AQUISIÇÃO;2017-08-08;17983.11;2016-07-07;BTG PACTUAL SERVIÇOS FINANCEIROS S.A. DTVM
11.026.627/0001-38;2017-12-01;1;Cotas do FII Anhanguera Educacional;AQUISIÇÃO;2017-08-07;29003.71;2016-07-07;BTG PACTUAL SERVIÇOS FINANCEIROS S.A. DTVM
11.026.627/0001-38;2017-12-01;1;Cotas do FII Anhanguera Educacional;AQUISIÇÃO;2017-08-02;1450.18;2016-07-07;BTG PACTUAL SERVIÇOS FINANCEIROS S.A. DTVM
11.026.627/0001-38;2017-12-01;1;Cotas do FII Anhanguera Educacional;AQUISIÇÃO;2017-08-01;9944.12;2016-07-07;BTG PACTUAL SERVIÇOS FINANCEIROS S.A. DTVM
11.026.627/0001-38;2017-12-01;1;Cotas do FII Anhanguera Educacional;AQUISIÇÃO;2017-07-31;207.69;2016-07-07;BTG PACTUAL SERVIÇOS FINANCEIROS S.A. DTVM
11.026.627/0001-38;2017-12-01;1;Cotas do FII Anhanguera Educacional;AQUISIÇÃO;2017-07-28;8491.14;2016-07-07;BTG PACTUAL SERVIÇOS FINANCEIROS S.A. DTVM
11.026.627/0001-38;2017-12-01;1;Cotas do FII Anhanguera Educacional;AQUISIÇÃO;2017-07-27;99038.44;2016-07-07;BTG PACTUAL SERVIÇOS FINANCEIROS S.A. DTVM
11.026.627/0001-38;2017-12-01;1;Cotas do FII Anhanguera Educacional;AQUISIÇÃO;2017-07-26;23213.82;2016-07-07;BTG PACTUAL SERVIÇOS FINANCEIROS S.A. DTVM
11.026.627/0001-38;2017-12-01;1;Cotas do FII Anhanguera Educacional;AQUISIÇÃO;2017-07-25;9315.86;2016-07-07;BTG PACTUAL SERVIÇOS FINANCEIROS S.A. DTVM
11.026.627/0001-38;2017-12-01;1;Cotas do FII Anhanguera Educacional;AQUISIÇÃO;2017-07-24;55061.33;2016-07-07;BTG PACTUAL SERVIÇOS FINANCEIROS S.A. DTVM
11.026.627/0001-38;2017-12-01;1;Cotas do FII Anhanguera Educacional;AQUISIÇÃO;2017-07-21;17264.84;2016-07-07;BTG PACTUAL SERVIÇOS FINANCEIROS S.A. DTVM
11.026.627/0001-38;2017-12-01;1;Cotas do FII Anhanguera Educacional;AQUISIÇÃO;2017-07-20;79052.77;2016-07-07;BTG PACTUAL SERVIÇOS FINANCEIROS S.A. DTVM
11.026.627/0001-38;2017-12-01;1;Cotas do FII Anhanguera Educacional;AQUISIÇÃO;2017-07-19;61883.51;2016-07-07;BTG PACTUAL SERVIÇOS FINANCEIROS S.A. DTVM
11.026.627/0001-38;2017-12-01;1;Cotas do FII Anhanguera Educacional;AQUISIÇÃO;2017-07-17;158764.35;2016-07-07;BTG PACTUAL SERVIÇOS FINANCEIROS S.A. DTVM
11.026.627/0001-38;2017-12-01;1;Cotas do FII Anhanguera Educacional;AQUISIÇÃO;2017-07-14;33504.57;2016-07-07;BTG PACTUAL SERVIÇOS FINANCEIROS S.A. DTVM
11.026.627/0001-38;2017-12-01;1;Cotas do FII Anhanguera Educacional;AQUISIÇÃO;2017-07-12;6681.41;2016-07-07;BTG PACTUAL SERVIÇOS FINANCEIROS S.A. DTVM
11.026.627/0001-38;2017-12-01;1;Cotas do FII Anhanguera Educacional;AQUISIÇÃO;2017-07-11;153871.84;2016-07-07;BTG PACTUAL SERVIÇOS FINANCEIROS S.A. DTVM
11.026.627/0001-38;2017-12-01;1;Cotas do FII Anhanguera Educacional;AQUISIÇÃO;2017-07-10;39360.87;2016-07-07;BTG PACTUAL SERVIÇOS FINANCEIROS S.A. DTVM
11.026.627/0001-38;2017-12-01;1;Cotas do FII Anhanguera Educacional;AQUISIÇÃO;2017-07-07;24856.58;2016-07-07;BTG PACTUAL SERVIÇOS FINANCEIROS S.A. DTVM
11.026.627/0001-38;2017-12-01;1;Cotas do FII Anhanguera Educacional;AQUISIÇÃO;2017-07-06;120380.24;2016-07-07;BTG PACTUAL SERVIÇOS FINANCEIROS S.A. DTVM
11.026.627/0001-38;2017-12-01;1;Cotas do FII Anhanguera Educacional;AQUISIÇÃO;2017-07-05;8065.47;2016-07-07;BTG PACTUAL SERVIÇOS FINANCEIROS S.A. DTVM
11.026.627/0001-38;2017-12-01;1;Cotas do FII Anhanguera Educacional;AQUISIÇÃO;2017-07-04;1231.01;2016-07-07;BTG PACTUAL SERVIÇOS FINANCEIROS S.A. DTVM
11.026.627/0001-38;2017-12-01;1;Cotas do FII Anhanguera Educacional;AQUISIÇÃO;2017-07-03;313755.62;2016-07-07;BTG PACTUAL SERVIÇOS FINANCEIROS S.A. DTVM
11.026.627/0001-38;2017-12-01;1;Cotas do FII Anhanguera Educacional;AQUISIÇÃO;2017-06-30;33449.62;2016-07-07;BTG PACTUAL SERVIÇOS FINANCEIROS S.A. DTVM
11.026.627/0001-38;2017-12-01;1;Cotas do FII Anhanguera Educacional;AQUISIÇÃO;2017-06-29;4517.42;2016-07-07;BTG PACTUAL SERVIÇOS FINANCEIROS S.A. DTVM
11.026.627/0001-38;2017-12-01;1;Cotas do FII Anhanguera Educacional;AQUISIÇÃO;2017-06-28;19305.63;2016-07-07;BTG PACTUAL SERVIÇOS FINANCEIROS S.A. DTVM
11.026.627/0001-38;2017-12-01;1;Cotas do FII Anhanguera Educacional;AQUISIÇÃO;2017-06-27;295483.48;2016-07-07;BTG PACTUAL SERVIÇOS FINANCEIROS S.A. DTVM
11.026.627/0001-38;2017-12-01;1;Cotas do FII Anhanguera Educacional;AQUISIÇÃO;2017-06-26;192616.66;2016-07-07;BTG PACTUAL SERVIÇOS FINANCEIROS S.A. DTVM
11.026.627/0001-38;2017-12-01;1;Cotas do FII Anhanguera Educacional;AQUISIÇÃO;2017-06-23;13995.19;2016-07-07;BTG PACTUAL SERVIÇOS FINANCEIROS S.A. DTVM
11.026.627/0001-38;2017-12-01;1;Cotas do FII Anhanguera Educacional;AQUISIÇÃO;2017-06-21;37110.5;2016-07-07;BTG PACTUAL SERVIÇOS FINANCEIROS S.A. DTVM
11.026.627/0001-38;2017-12-01;1;Cotas do FII Anhanguera Educacional;AQUISIÇÃO;2017-06-20;136927.33;2016-07-07;BTG PACTUAL SERVIÇOS FINANCEIROS S.A. DTVM
11.026.627/0001-38;2017-12-01;1;Cotas do FII Anhanguera Educacional;AQUISIÇÃO;2017-06-19;91880.93;2016-07-07;BTG PACTUAL SERVIÇOS FINANCEIROS S.A. DTVM
11.026.627/0001-38;2017-12-01;1;Cotas do FII Anhanguera Educacional;AQUISIÇÃO;2017-06-16;70590.72;2016-07-07;BTG PACTUAL SERVIÇOS FINANCEIROS S.A. DTVM
11.026.627/0001-38;2017-12-01;1;Cotas do FII Anhanguera Educacional;AQUISIÇÃO;2017-06-14;92514.53;2016-07-07;BTG PACTUAL SERVIÇOS FINANCEIROS S.A. DTVM
11.026.627/0001-38;2017-12-01;1;Cotas do FII Anhanguera Educacional;AQUISIÇÃO;2017-06-13;143340.95;2016-07-07;BTG PACTUAL SERVIÇOS FINANCEIROS S.A. DTVM
11.026.627/0001-38;2017-12-01;1;Cotas do FII Anhanguera Educacional;AQUISIÇÃO;2017-06-12;144443.53;2016-07-07;BTG PACTUAL SERVIÇOS FINANCEIROS S.A. DTVM
11.026.627/0001-38;2017-12-01;1;Cotas do FII Anhanguera Educacional;AQUISIÇÃO;2017-06-09;492216.22;2016-07-07;BTG PACTUAL SERVIÇOS FINANCEIROS S.A. DTVM
11.026.627/0001-38;2017-12-01;1;Cotas do FII Anhanguera Educacional;AQUISIÇÃO;2017-06-08;177992.41;2016-07-07;BTG PACTUAL SERVIÇOS FINANCEIROS S.A. DTVM
11.026.627/0001-38;2017-12-01;1;Cotas do FII Anhanguera Educacional;AQUISIÇÃO;2017-06-07;212229.31;2016-07-07;BTG PACTUAL SERVIÇOS FINANCEIROS S.A. DTVM
11.026.627/0001-38;2017-12-01;1;Cotas do FII Anhanguera Educacional;AQUISIÇÃO;2017-06-06;588671.44;2016-07-07;BTG PACTUAL SERVIÇOS FINANCEIROS S.A. DTVM
11.026.627/0001-38;2017-12-01;1;Cotas do FII Anhanguera Educacional;AQUISIÇÃO;2017-06-05;117445.3;2016-07-07;BTG PACTUAL SERVIÇOS FINANCEIROS S.A. DTVM
11.026.627/0001-38;2017-12-01;1;Cotas do FII Anhanguera Educacional;AQUISIÇÃO;2017-06-02;167629.33;2016-07-07;BTG PACTUAL SERVIÇOS FINANCEIROS S.A. DTVM
11.026.627/0001-38;2017-12-01;1;Cotas do FII Anhanguera Educacional;AQUISIÇÃO;2017-06-01;14587.03;2016-07-07;BTG PACTUAL SERVIÇOS FINANCEIROS S.A. DTVM
11.026.627/0001-38;2017-12-01;1;Cotas do FII Anhanguera Educacional;AQUISIÇÃO;2017-05-31;11394.23;2016-07-07;BTG PACTUAL SERVIÇOS FINANCEIROS S.A. DTVM
11.026.627/0001-38;2017-12-01;1;Cotas do FII Anhanguera Educacional;AQUISIÇÃO;2017-05-30;85313.18;2016-07-07;BTG PACTUAL SERVIÇOS FINANCEIROS S.A. DTVM
12.323.987/0001-64;2017-12-01;1;Ações - BTG Pactual Holding Imobiliária S.A.;ALIENAÇÃO;2016-04-20;1;2016-02-12;EB PARTICIPAÇÕES LTDA.
13.584.584/0001-31;2017-12-01;3;CPG EMPREENDIMENTOS S.A - ON;AQUISIÇÃO;1899-12-31;4000000;2018-01-30;Zion Capital S.A. CNPJ 27.080.444/0001-30
13.584.584/0001-31;2017-12-01;3;Cemitério Terra Santa - 900;AQUISIÇÃO;1899-12-31;4500000;2018-01-30;BR Cemitérios Investimentos e Administração Ltda. CNPJ/MF sob o nº 14.499.145/0001-93
13.584.584/0001-31;2017-12-01;3;Cemitério Terra Santa - 2000;AQUISIÇÃO;1899-12-31;10000000;2018-01-30;BR Cemitérios Investimentos e Administração Ltda. CNPJ/MF sob o nº 14.499.145/0001-93
13.584.584/0001-31;2017-12-01;3;Cemitério Parque da Allamandas - 2300;AQUISIÇÃO;1899-12-31;13800000;2018-01-30;Rover Negócios e Empreendimentos Imobiliários S.A., CNPJ/MF sob o n. 02.839.631/0001-24
13.584.584/0001-31;2017-12-01;3;Empreendimento Comercial;AQUISIÇÃO;1899-12-31;0;2018-01-30;-
17.156.502/0001-09;2017-12-01;1;16E0124944 - EMISSÃO: 1 - SÉRIE: 37;AQUISIÇÃO;2016-05-20;8375000;2014-02-24;POLO CAPITAL SECURITIZADORA S/A
17.156.502/0001-09;2017-12-01;1;16B0742429 - EMISSÃO: 1 - SÉRIE: 34;AQUISIÇÃO;2016-03-04;10720000;2014-02-24;POLO CAPITAL SECURITIZADORA S/A
17.156.502/0001-09;2017-12-01;1;16H0210048 - EMISSÃO: 1 - SÉRIE: 44;AQUISIÇÃO;2016-08-31;9010255.7237172;2014-02-24;POLO CAPITAL SECURITIZADORA S/A
17.156.502/0001-09;2017-12-01;1;16E0124944 - EMISSÃO: 1 - SÉRIE: 37;AQUISIÇÃO;2016-09-01;333955.12;2014-02-24;POLO CAPITAL SECURITIZADORA S/A
17.156.502/0001-09;2017-12-01;1;16J0858697 - EMISSÃO: 1 - SÉRIE: 40;AQUISIÇÃO;2016-10-21;8040000;2014-02-24;POLO CAPITAL SECURITIZADORA S/A
17.156.502/0001-09;2017-12-01;1;16L0139227 - EMISSÃO: 1 - SÉRIE: 47;AQUISIÇÃO;2016-12-22;4480000;2014-02-24;POLO CAPITAL SECURITIZADORA S/A
20.265.467/0001-70;2017-12-01;1;Cotas de fundos de Renda fixa;AQUISIÇÃO;2016-01-02;237634.36;2015-07-20;Votorantim Asset Management
23.740.575/0001-46;2017-12-01;1;Cotas de fundos de Renda fixa;AQUISIÇÃO;2017-11-30;1551547.32;2016-09-02;Votorantim Asset Management
28.152.272/0001-26;2017-12-01;3;N/A;AQUISIÇÃO;1899-12-31;0;1899-12-31;N/A
28.152.272/0001-26;2017-12-01;3;N/A;AQUISIÇÃO;1899-12-31;0;1899-12-31;N/A
28.152.272/0001-26;2017-12-01;3;N/A;AQUISIÇÃO;1899-12-31;0;1899-12-31;N/A
28.152.272/0001-26;2017-12-01;3;N/A;AQUISIÇÃO;1899-12-31;0;1899-12-31;N/A
28.152.272/0001-26;2017-12-01;3;N/A;AQUISIÇÃO;1899-12-31;0;1899-12-31;N/A
28.152.272/0001-26;2017-12-01;3;N/A;AQUISIÇÃO;1899-12-31;0;1899-12-31;N/A
28.152.272/0001-26;2017-12-01;3;N/A;AQUISIÇÃO;1899-12-31;0;1899-12-31;N/A
28.152.272/0001-26;2017-12-01;3;N/A;AQUISIÇÃO;1899-12-31;0;1899-12-31;N/A
28.152.272/0001-26;2017-12-01;3;N/A;AQUISIÇÃO;1899-12-31;0;1899-12-31;N/A
